Workbook

Sheet Resumen
A1: Inventario de fuentes de eventos culturales de Chile
A2: Inventario y estado de integración revisados al 31 de octubre de 2026. Las auditorías técnicas conservan su fecha original.
A4: Indicador | B4: Valor | D4: Indicador | E4: Valor | F4: Integración actual | G4: Valor
A5: Registros del inventario | B5: =COUNTA(Fuentes!$A$2:$A$396) -> 395 | D5: Revisión manual | E5: =COUNTIF(Fuentes!$R$2:$R$396,"Revisión manual") -> 38 | F5: Configuradas y habilitadas | G5: =COUNTIFS(Fuentes!$L$2:$L$396,"Integrada configurada") -> 29
A6: Fuentes digitales elegibles | B6: =COUNTIFS(Fuentes!$M$2:$M$396,"Sí") -> 105 | D6: No aprobadas | E6: =COUNTIF(Fuentes!$R$2:$R$396,"No aprobada") -> 5 | F6: Con aporte publicado | G6: =COUNTIFS(Fuentes!$L$2:$L$396,"Integrada configurada",Fuentes!$AA$2:$AA$396,"Con aporte publicado") -> 23
A7: Con aprobación técnica registrada | B7: =COUNTIF(Fuentes!$R$2:$R$396,"Aprobada técnicamente") -> 65 | D7: Referencias sin agenda | E7: =COUNTIF(Fuentes!$R$2:$R$396,"Referencia sin agenda") -> 287 | F7: Integradas / digitales elegibles | G7: =IF(B6=0,0,G5/B6) -> 0.27619048
A8: Aprobación técnica registrada (%) | B8: =IF(B6=0,0,B7/B6) -> 0.61904762 | D8: Regiones representadas | E8: =COUNTIF(B14:B29,">0") -> 16 | F8: Con aporte / habilitadas del mes | G8: =IF(G9=0,0,G6/G9) -> 0.82142857
A9: Publicados en Supabase al corte | B9: =SUM(Fuentes!$Z$2:$Z$396) -> 2546 | D9: Estacionales fuera de mes | E9: =COUNTIFS(Fuentes!$AA$2:$AA$396,"Estacional fuera de mes") -> 1 | F9: Habilitadas en el mes del corte | G9: =G5-E9 -> 28
A11: Región / alcance | B11: Total | C11: Digital elegible | D11: Aprobada técnicamente | F11: Decisión de validación | G11: Cantidad
A12: Todas | B12: =COUNTIF(Fuentes!$F$2:$F$396,A12) -> 17 | C12: =COUNTIFS(Fuentes!$F$2:$F$396,A12,Fuentes!$M$2:$M$396,"Sí") -> 17 | D12: =COUNTIFS(Fuentes!$F$2:$F$396,A12,Fuentes!$R$2:$R$396,"Aprobada técnicamente") -> 8 | F12: Aprobada técnicamente | G12: =COUNTIF(Fuentes!$R$2:$R$396,F12) -> 65
A13: Varias | B13: =COUNTIF(Fuentes!$F$2:$F$396,A13) -> 6 | C13: =COUNTIFS(Fuentes!$F$2:$F$396,A13,Fuentes!$M$2:$M$396,"Sí") -> 6 | D13: =COUNTIFS(Fuentes!$F$2:$F$396,A13,Fuentes!$R$2:$R$396,"Aprobada técnicamente") -> 5 | F13: Revisión manual | G13: =COUNTIF(Fuentes!$R$2:$R$396,F13) -> 38
A14: Región de Arica y Parinacota | B14: =COUNTIF(Fuentes!$F$2:$F$396,A14) -> 16 | C14: =COUNTIFS(Fuentes!$F$2:$F$396,A14,Fuentes!$M$2:$M$396,"Sí") -> 2 | D14: =COUNTIFS(Fuentes!$F$2:$F$396,A14,Fuentes!$R$2:$R$396,"Aprobada técnicamente") -> 1 | F14: No aprobada | G14: =COUNTIF(Fuentes!$R$2:$R$396,F14) -> 5
A15: Región de Tarapacá | B15: =COUNTIF(Fuentes!$F$2:$F$396,A15) -> 16 | C15: =COUNTIFS(Fuentes!$F$2:$F$396,A15,Fuentes!$M$2:$M$396,"Sí") -> 3 | D15: =COUNTIFS(Fuentes!$F$2:$F$396,A15,Fuentes!$R$2:$R$396,"Aprobada técnicamente") -> 1 | F15: Referencia sin agenda | G15: =COUNTIF(Fuentes!$R$2:$R$396,F15) -> 287
A16: Región de Antofagasta | B16: =COUNTIF(Fuentes!$F$2:$F$396,A16) -> 11 | C16: =COUNTIFS(Fuentes!$F$2:$F$396,A16,Fuentes!$M$2:$M$396,"Sí") -> 3 | D16: =COUNTIFS(Fuentes!$F$2:$F$396,A16,Fuentes!$R$2:$R$396,"Aprobada técnicamente") -> 3
A17: Región de Atacama | B17: =COUNTIF(Fuentes!$F$2:$F$396,A17) -> 11 | C17: =COUNTIFS(Fuentes!$F$2:$F$396,A17,Fuentes!$M$2:$M$396,"Sí") -> 2 | D17: =COUNTIFS(Fuentes!$F$2:$F$396,A17,Fuentes!$R$2:$R$396,"Aprobada técnicamente") -> 2
A18: Región de Coquimbo | B18: =COUNTIF(Fuentes!$F$2:$F$396,A18) -> 21 | C18: =COUNTIFS(Fuentes!$F$2:$F$396,A18,Fuentes!$M$2:$M$396,"Sí") -> 4 | D18: =COUNTIFS(Fuentes!$F$2:$F$396,A18,Fuentes!$R$2:$R$396,"Aprobada técnicamente") -> 1 | F18: Cómo interpretar la decisión | G18: Cómo interpretar la decisión | H18: Cómo interpretar la decisión
A19: Región de Valparaíso | B19: =COUNTIF(Fuentes!$F$2:$F$396,A19) -> 39 | C19: =COUNTIFS(Fuentes!$F$2:$F$396,A19,Fuentes!$M$2:$M$396,"Sí") -> 8 | D19: =COUNTIFS(Fuentes!$F$2:$F$396,A19,Fuentes!$R$2:$R$396,"Aprobada técnicamente") -> 7 | F19: La aprobación técnica no es una licencia legal. Las integraciones actuales se cuentan por configuración habilitada; el aporte se comprueba con registros publicados no suprimidos. Una fuente sin aporte no se considera fallida sin revisar su ejecución. | G19: Aprobada técnicamente significa que la fuente cumple las reglas automáticas de acceso, relevancia cultural, cobertura chilena y señales de agenda. No equivale a una licencia legal de reutilización. Antes de integrarla de forma permanente deben revisarse sus términos de uso. Revisión manual agrupa páginas dinámicas, bloqueadas o con evidencia insuficiente. | H19: Aprobada técnicamente significa que la fuente cumple las reglas automáticas de acceso, relevancia cultural, cobertura chilena y señales de agenda. No equivale a una licencia legal de reutilización. Antes de integrarla de forma permanente deben revisarse sus términos de uso. Revisión manual agrupa páginas dinámicas, bloqueadas o con evidencia insuficiente.
A20: Región Metropolitana de Santiago | B20: =COUNTIF(Fuentes!$F$2:$F$396,A20) -> 41 | C20: =COUNTIFS(Fuentes!$F$2:$F$396,A20,Fuentes!$M$2:$M$396,"Sí") -> 26 | D20: =COUNTIFS(Fuentes!$F$2:$F$396,A20,Fuentes!$R$2:$R$396,"Aprobada técnicamente") -> 19 | F20: Aprobada técnicamente significa que la fuente cumple las reglas automáticas de acceso, relevancia cultural, cobertura chilena y señales de agenda. No equivale a una licencia legal de reutilización. Antes de integrarla de forma permanente deben revisarse sus términos de uso. Revisión manual agrupa páginas dinámicas, bloqueadas o con evidencia insuficiente. | G20: Aprobada técnicamente significa que la fuente cumple las reglas automáticas de acceso, relevancia cultural, cobertura chilena y señales de agenda. No equivale a una licencia legal de reutilización. Antes de integrarla de forma permanente deben revisarse sus términos de uso. Revisión manual agrupa páginas dinámicas, bloqueadas o con evidencia insuficiente. | H20: Aprobada técnicamente significa que la fuente cumple las reglas automáticas de acceso, relevancia cultural, cobertura chilena y señales de agenda. No equivale a una licencia legal de reutilización. Antes de integrarla de forma permanente deben revisarse sus términos de uso. Revisión manual agrupa páginas dinámicas, bloqueadas o con evidencia insuficiente.
A21: Región del Libertador General Bernardo O'Higgins | B21: =COUNTIF(Fuentes!$F$2:$F$396,A21) -> 25 | C21: =COUNTIFS(Fuentes!$F$2:$F$396,A21,Fuentes!$M$2:$M$396,"Sí") -> 3 | D21: =COUNTIFS(Fuentes!$F$2:$F$396,A21,Fuentes!$R$2:$R$396,"Aprobada técnicamente") -> 2 | F21: Aprobada técnicamente significa que la fuente cumple las reglas automáticas de acceso, relevancia cultural, cobertura chilena y señales de agenda. No equivale a una licencia legal de reutilización. Antes de integrarla de forma permanente deben revisarse sus términos de uso. Revisión manual agrupa páginas dinámicas, bloqueadas o con evidencia insuficiente. | G21: Aprobada técnicamente significa que la fuente cumple las reglas automáticas de acceso, relevancia cultural, cobertura chilena y señales de agenda. No equivale a una licencia legal de reutilización. Antes de integrarla de forma permanente deben revisarse sus términos de uso. Revisión manual agrupa páginas dinámicas, bloqueadas o con evidencia insuficiente. | H21: Aprobada técnicamente significa que la fuente cumple las reglas automáticas de acceso, relevancia cultural, cobertura chilena y señales de agenda. No equivale a una licencia legal de reutilización. Antes de integrarla de forma permanente deben revisarse sus términos de uso. Revisión manual agrupa páginas dinámicas, bloqueadas o con evidencia insuficiente.
A22: Región del Maule | B22: =COUNTIF(Fuentes!$F$2:$F$396,A22) -> 60 | C22: =COUNTIFS(Fuentes!$F$2:$F$396,A22,Fuentes!$M$2:$M$396,"Sí") -> 3 | D22: =COUNTIFS(Fuentes!$F$2:$F$396,A22,Fuentes!$R$2:$R$396,"Aprobada técnicamente") -> 2 | F22: Aprobada técnicamente significa que la fuente cumple las reglas automáticas de acceso, relevancia cultural, cobertura chilena y señales de agenda. No equivale a una licencia legal de reutilización. Antes de integrarla de forma permanente deben revisarse sus términos de uso. Revisión manual agrupa páginas dinámicas, bloqueadas o con evidencia insuficiente. | G22: Aprobada técnicamente significa que la fuente cumple las reglas automáticas de acceso, relevancia cultural, cobertura chilena y señales de agenda. No equivale a una licencia legal de reutilización. Antes de integrarla de forma permanente deben revisarse sus términos de uso. Revisión manual agrupa páginas dinámicas, bloqueadas o con evidencia insuficiente. | H22: Aprobada técnicamente significa que la fuente cumple las reglas automáticas de acceso, relevancia cultural, cobertura chilena y señales de agenda. No equivale a una licencia legal de reutilización. Antes de integrarla de forma permanente deben revisarse sus términos de uso. Revisión manual agrupa páginas dinámicas, bloqueadas o con evidencia insuficiente.
A23: Región de Ñuble | B23: =COUNTIF(Fuentes!$F$2:$F$396,A23) -> 16 | C23: =COUNTIFS(Fuentes!$F$2:$F$396,A23,Fuentes!$M$2:$M$396,"Sí") -> 2 | D23: =COUNTIFS(Fuentes!$F$2:$F$396,A23,Fuentes!$R$2:$R$396,"Aprobada técnicamente") -> 1 | F23: Aprobada técnicamente significa que la fuente cumple las reglas automáticas de acceso, relevancia cultural, cobertura chilena y señales de agenda. No equivale a una licencia legal de reutilización. Antes de integrarla de forma permanente deben revisarse sus términos de uso. Revisión manual agrupa páginas dinámicas, bloqueadas o con evidencia insuficiente. | G23: Aprobada técnicamente significa que la fuente cumple las reglas automáticas de acceso, relevancia cultural, cobertura chilena y señales de agenda. No equivale a una licencia legal de reutilización. Antes de integrarla de forma permanente deben revisarse sus términos de uso. Revisión manual agrupa páginas dinámicas, bloqueadas o con evidencia insuficiente. | H23: Aprobada técnicamente significa que la fuente cumple las reglas automáticas de acceso, relevancia cultural, cobertura chilena y señales de agenda. No equivale a una licencia legal de reutilización. Antes de integrarla de forma permanente deben revisarse sus términos de uso. Revisión manual agrupa páginas dinámicas, bloqueadas o con evidencia insuficiente.
A24: Región del Biobío | B24: =COUNTIF(Fuentes!$F$2:$F$396,A24) -> 34 | C24: =COUNTIFS(Fuentes!$F$2:$F$396,A24,Fuentes!$M$2:$M$396,"Sí") -> 7 | D24: =COUNTIFS(Fuentes!$F$2:$F$396,A24,Fuentes!$R$2:$R$396,"Aprobada técnicamente") -> 5
A25: Región de La Araucanía | B25: =COUNTIF(Fuentes!$F$2:$F$396,A25) -> 27 | C25: =COUNTIFS(Fuentes!$F$2:$F$396,A25,Fuentes!$M$2:$M$396,"Sí") -> 3 | D25: =COUNTIFS(Fuentes!$F$2:$F$396,A25,Fuentes!$R$2:$R$396,"Aprobada técnicamente") -> 2
A26: Región de Los Ríos | B26: =COUNTIF(Fuentes!$F$2:$F$396,A26) -> 11 | C26: =COUNTIFS(Fuentes!$F$2:$F$396,A26,Fuentes!$M$2:$M$396,"Sí") -> 4 | D26: =COUNTIFS(Fuentes!$F$2:$F$396,A26,Fuentes!$R$2:$R$396,"Aprobada técnicamente") -> 2
A27: Región de Los Lagos | B27: =COUNTIF(Fuentes!$F$2:$F$396,A27) -> 23 | C27: =COUNTIFS(Fuentes!$F$2:$F$396,A27,Fuentes!$M$2:$M$396,"Sí") -> 5 | D27: =COUNTIFS(Fuentes!$F$2:$F$396,A27,Fuentes!$R$2:$R$396,"Aprobada técnicamente") -> 1
A28: Región de Aysén del General Carlos Ibáñez del Campo | B28: =COUNTIF(Fuentes!$F$2:$F$396,A28) -> 6 | C28: =COUNTIFS(Fuentes!$F$2:$F$396,A28,Fuentes!$M$2:$M$396,"Sí") -> 3 | D28: =COUNTIFS(Fuentes!$F$2:$F$396,A28,Fuentes!$R$2:$R$396,"Aprobada técnicamente") -> 2
A29: Región de Magallanes y de la Antártica Chilena | B29: =COUNTIF(Fuentes!$F$2:$F$396,A29) -> 13 | C29: =COUNTIFS(Fuentes!$F$2:$F$396,A29,Fuentes!$M$2:$M$396,"Sí") -> 3 | D29: =COUNTIFS(Fuentes!$F$2:$F$396,A29,Fuentes!$R$2:$R$396,"Aprobada técnicamente") -> 0
A31: Eventos de última ingesta | B31: 2491 | D31: Fecha de última ingesta (Chile) | E31: 46325.264
A32: Los publicados al corte no equivalen necesariamente a eventos vigentes hoy. La ingesta y el catálogo son conteos distintos. Puntajes técnicos históricos: consultar fecha de auditoría.

Sheet Fuentes
A1: ID | B1: Fuente | C1: Institución responsable | D1: Tipo de fuente | E1: Cobertura | F1: Región | G1: Comuna | H1: Áreas culturales | I1: Canal de publicación | J1: URL de eventos | K1: URL de respaldo / evidencia | L1: Estado de integración | M1: Elegible para porcentaje | N1: Prioridad | O1: Método potencial | P1: Verificada el | Q1: Observaciones | R1: Decisión para integración | S1: Puntaje técnico | T1: Confianza | U1: Estado HTTP | V1: robots.txt | W1: URL final validada | X1: Auditada el | Y1: Motivo principal | Z1: Publicados al corte | AA1: Estado operativo al corte | AB1: Evidencia de integración
A2: CL-FUE-0001 | B2: Agenda Universidad de Talca | C2: Universidad de Talca | D2: Fuente configurada en el prototipo | E2: Según fuente | F2: Región del Maule | G2: Talca | H2: Cultura | I2: Conector del prototipo | J2: https://agenda.utalca.cl/ | K2: https://agenda.utalca.cl/ | L2: Integrada configurada | M2: Sí | N2: Alta | O2: html_cards | P2: 46326 | Q2: Revisión de integración 31-10-2026: configuración habilitada; 8 registros publicados no suprimidos en Supabase. Con aporte publicado. Los puntajes y la auditoría técnica anteriores no se recalcularon. Antecedente: Ejecución reciente: conector funcional. | R2: Aprobada técnicamente | S2: 93 | T2: alta | U2: 200 | V2: Permite | W2: https://agenda.utalca.cl/ | X2: 46279.625 | Y2: Operativa: agenda accesible y con señales de eventos. | Z2: 8 | AA2: Con aporte publicado | AB2: https://github.com/sunsitox/sunsitox-Scraper_de_eventos_culturales/actions/runs/41029844675
A3: CL-FUE-0002 | B3: Centro Cultural La Moneda | C3: Centro Cultural La Moneda | D3: Fuente configurada en el prototipo | E3: Según fuente | F3: Región Metropolitana de Santiago | G3: Santiago | H3: Cultura | I3: Conector del prototipo | J3: https://www.cclm.cl/actividades-y-talleres/ | K3: https://www.cclm.cl/actividades-y-talleres/ | L3: Integrada configurada | M3: Sí | N3: Alta | O3: html_cards | P3: 46326 | Q3: Revisión de integración 31-10-2026: configuración habilitada; 4 registros publicados no suprimidos en Supabase. Con aporte publicado. Los puntajes y la auditoría técnica anteriores no se recalcularon. Antecedente: Ejecución reciente: conector funcional. | R3: Aprobada técnicamente | S3: 99 | T3: alta | U3: 200 | V3: Permite | W3: https://www.cclm.cl/actividades-y-talleres/ | X3: 46279.625 | Y3: Operativa: agenda accesible y con señales de eventos. | Z3: 4 | AA3: Con aporte publicado | AB3: https://github.com/sunsitox/sunsitox-Scraper_de_eventos_culturales/actions/runs/41029844675
A4: CL-FUE-0003 | B4: Chile Cultura | C4: Chile Cultura | D4: Fuente configurada en el prototipo | E4: Nacional | F4: Todas | H4: Multidisciplinario | I4: Conector del prototipo | J4: https://chilecultura.gob.cl/ | K4: https://chilecultura.gob.cl/ | L4: Integrada configurada | M4: Sí | N4: Alta | O4: chilecultura_api | P4: 46326 | Q4: Revisión de integración 31-10-2026: configuración habilitada; 289 registros publicados no suprimidos en Supabase. Con aporte publicado. Los puntajes y la auditoría técnica anteriores no se recalcularon. Antecedente: Ejecución reciente: API nacional funcional. | R4: Aprobada técnicamente | S4: 86 | T4: alta | U4: 200 | V4: Sin dato | W4: https://chilecultura.gob.cl/ | X4: 46279.625 | Y4: Operativa: API nacional con cobertura regional. | Z4: 289 | AA4: Con aporte publicado | AB4: https://github.com/sunsitox/sunsitox-Scraper_de_eventos_culturales/actions/runs/41029844675
A5: CL-FUE-0004 | B5: Espacio Cultural Viña del Mar | C5: Corporación Cultural de Viña del Mar | D5: Fuente configurada en el prototipo | E5: Según fuente | F5: Región de Valparaíso | G5: Viña del Mar | H5: Multidisciplinario | I5: Conector del prototipo | J5: https://www.culturaviva.cl/actividades/ | K5: https://www.culturaviva.cl/actividades/ | L5: Integrada configurada | M5: Sí | N5: Alta | O5: tribe_events_api | P5: 46326 | Q5: Revisión de integración 31-10-2026: configuración habilitada; 0 registros publicados no suprimidos en Supabase. Sin aporte publicado. Los puntajes y la auditoría técnica anteriores no se recalcularon. Antecedente: API operativa; al corte no publica eventos futuros. | R5: Aprobada técnicamente | S5: 97 | T5: alta | U5: 200 | V5: Permite | W5: https://www.culturaviva.cl/actividades/ | X5: 46279.625 | Y5: La fuente no falló: no tenía eventos vigentes en la respuesta de la API. | Z5: 0 | AA5: Sin aporte publicado | AB5: https://github.com/sunsitox/sunsitox-Scraper_de_eventos_culturales/blob/main/docs/SOURCES.md
A6: CL-FUE-0005 | B6: Enoturismo Chile · Agenda | C6: Enoturismo Chile | D6: Fuente configurada en el prototipo | E6: Según fuente | F6: Todas | H6: Vino; Enoturismo | I6: Conector del prototipo | J6: https://www.enoturismochile.cl/agenda/ | K6: https://www.enoturismochile.cl/agenda/ | L6: Integrada configurada | M6: Sí | N6: Alta | O6: eventon_wordpress | P6: 46326 | Q6: Revisión de integración 31-10-2026: configuración habilitada; 10 registros publicados no suprimidos en Supabase. Con aporte publicado. Los puntajes y la auditoría técnica anteriores no se recalcularon. Antecedente: Conector funcional; se mantiene revisión por la evidencia pública de la agenda. | R6: Revisión manual | S6: 72 | T6: alta | U6: 200 | V6: Permite | W6: https://www.enoturismochile.cl/agenda/ | X6: 46279.625 | Y6: Operativa; requiere revisión de términos y calidad de agenda antes de ampliar alcance. | Z6: 10 | AA6: Con aporte publicado | AB6: https://github.com/sunsitox/sunsitox-Scraper_de_eventos_culturales/actions/runs/41029844675
A7: CL-FUE-0006 | B7: Espacio Riesco · Calendario | C7: Espacio Riesco | D7: Fuente configurada en el prototipo | E7: Según fuente | F7: Región Metropolitana de Santiago | G7: Huechuraba | H7: Evento | I7: Conector del prototipo | J7: https://www.espacioriesco.cl/calendario/ | K7: https://www.espacioriesco.cl/calendario/ | L7: Integrada configurada | M7: Sí | N7: Alta | O7: html_cards | P7: 46326 | Q7: Revisión de integración 31-10-2026: configuración habilitada; 0 registros publicados no suprimidos en Supabase. Sin aporte publicado. Los puntajes y la auditoría técnica anteriores no se recalcularon. Antecedente: Conector funcional; se mantiene revisión por naturaleza generalista de la agenda. | R7: Revisión manual | S7: 79 | T7: alta | U7: 200 | V7: Permite | W7: https://www.espacioriesco.cl/calendario/ | X7: 46279.625 | Y7: Operativa; se filtra por evento según criterio cultural global. | Z7: 0 | AA7: Sin aporte publicado | AB7: https://github.com/sunsitox/sunsitox-Scraper_de_eventos_culturales/blob/main/docs/SOURCES.md
A8: CL-FUE-0007 | B8: FISA · Ferias y Exposiciones | C8: FISA · GL events Chile | D8: Fuente configurada en el prototipo | E8: Según fuente | F8: Todas | H8: Exposición; Feria; Negocios | I8: Conector del prototipo | J8: https://www.fisa.cl/nuestras-ferias/ | K8: https://www.fisa.cl/nuestras-ferias/ | L8: Integrada configurada | M8: Sí | N8: Alta | O8: fisa_portfolio | P8: 46326 | Q8: Revisión de integración 31-10-2026: configuración habilitada; 0 registros publicados no suprimidos en Supabase. Sin aporte publicado. Los puntajes y la auditoría técnica anteriores no se recalcularon. Antecedente: Conector funcional; se mantiene filtro cultural por evento. | R8: Revisión manual | S8: 64 | T8: alta | U8: 200 | V8: Permite | W8: https://www.fisa.cl/nuestras-ferias/ | X8: 46279.625 | Y8: Operativa; incluye solo ferias o exposiciones con componente cultural sustantivo. | Z8: 0 | AA8: Sin aporte publicado | AB8: https://github.com/sunsitox/sunsitox-Scraper_de_eventos_culturales/blob/main/docs/SOURCES.md
A9: CL-FUE-0008 | B9: Centro Cultural GAM | C9: Centro Cultural Gabriela Mistral | D9: Fuente configurada en el prototipo | E9: Según fuente | F9: Región Metropolitana de Santiago | G9: Santiago | H9: Cultura | I9: Conector del prototipo | J9: https://gam.cl/es/calendario/ | K9: https://gam.cl/es/calendario/ | L9: Integrada configurada | M9: Sí | N9: Alta | O9: generic | P9: 46326 | Q9: Revisión de integración 31-10-2026: configuración habilitada; 36 registros publicados no suprimidos en Supabase. Con aporte publicado. Los puntajes y la auditoría técnica anteriores no se recalcularon. Antecedente: Ejecución reciente: conector funcional. | R9: Aprobada técnicamente | S9: 99 | T9: alta | U9: 200 | V9: Permite | W9: https://gam.cl/es/calendario/ | X9: 46279.625 | Y9: Operativa: agenda accesible y con señales de eventos. | Z9: 36 | AA9: Con aporte publicado | AB9: https://github.com/sunsitox/sunsitox-Scraper_de_eventos_culturales/actions/runs/41029844675
A10: CL-FUE-0009 | B10: Maipú en Común | C10: Municipalidad de Maipú | D10: Fuente configurada en el prototipo | E10: Según fuente | F10: Región Metropolitana de Santiago | G10: Maipú | H10: Multidisciplinario | I10: Conector del prototipo | J10: https://www.maipuencomun.cl/ | K10: https://www.maipuencomun.cl/ | L10: Integrada configurada | M10: Sí | N10: Alta | O10: maipu_browser | P10: 46326 | Q10: Revisión de integración 31-10-2026: configuración habilitada; 66 registros publicados no suprimidos en Supabase. Con aporte publicado. Los puntajes y la auditoría técnica anteriores no se recalcularon. Antecedente: Conector de navegador funcional; requiere Playwright instalado. | R10: Revisión manual | S10: 45 | T10: alta | U10: 200 | V10: Sin dato | W10: https://www.maipuencomun.cl/ | X10: 46279.625 | Y10: Operativa; depende del backend municipal y de Playwright. | Z10: 66 | AA10: Con aporte publicado | AB10: https://github.com/sunsitox/sunsitox-Scraper_de_eventos_culturales/actions/runs/41029844675
A11: CL-FUE-0010 | B11: Rancagua Cultura | C11: Corporación de la Cultura y las Artes de Rancagua | D11: Fuente configurada en el prototipo | E11: Según fuente | F11: Región del Libertador Bernardo O'Higgins | G11: Rancagua | H11: Cultura | I11: Conector del prototipo | J11: https://rancaguacultura.cl/event-directory/ | K11: https://rancaguacultura.cl/event-directory/ | L11: Retirada por bloqueo | M11: No | N11: Alta | O11: generic | P11: 46270.667 | Q11: Retirada del scraper por HTTP 403 desde GitHub Actions; no se vuelve a consultar. Los puntajes anteriores, si existen, son históricos. Corregida el 14-09-2026: se ignoran enlaces webcal:// no compatibles con Requests. | R11: No aprobada | S11: 100 | T11: alta | U11: 200 | V11: Permite | W11: https://rancaguacultura.cl/event-directory/ | X11: 46279.625 | Y11: Operativa tras la corrección; el calendario webcal ya no interrumpe la extracción de fichas HTML. | Z11: 0 | AA11: Retirada | AB11: https://github.com/sunsitox/sunsitox-Scraper_de_eventos_culturales/blob/main/docs/SOURCES.md#fuentes-retiradas
A12: CL-FUE-0011 | B12: Santiago Cultura | C12: Subdirección de Cultura · Municipalidad de Santiago | D12: Fuente configurada en el prototipo | E12: Según fuente | F12: Región Metropolitana de Santiago | G12: Santiago | H12: Cultura | I12: Conector del prototipo | J12: https://www.santiagocultura.cl/agenda-cultural/ | K12: https://www.santiagocultura.cl/agenda-cultural/ | L12: Integrada configurada | M12: Sí | N12: Alta | O12: santiago_wordpress | P12: 46326 | Q12: Revisión de integración 31-10-2026: configuración habilitada; 2 registros publicados no suprimidos en Supabase. Con aporte publicado. Los puntajes y la auditoría técnica anteriores no se recalcularon. Antecedente: Conector incremental activo: reutiliza fichas sin cambios y conserva checkpoints. | R12: Aprobada técnicamente | S12: 79 | T12: alta | U12: 200 | V12: Permite | W12: https://www.santiagocultura.cl/agenda-cultural/ | X12: 46285.625 | Y12: Operativa mediante extracción incremental; las fichas históricas sin cambios no se descargan nuevamente. | Z12: 2 | AA12: Con aporte publicado | AB12: https://github.com/sunsitox/sunsitox-Scraper_de_eventos_culturales/actions/runs/41029844675
A13: CL-FUE-0012 | B13: Teatro Municipal de Viña del Mar | C13: Teatro Municipal de Viña del Mar | D13: Fuente configurada en el prototipo | E13: Según fuente | F13: Región de Valparaíso | G13: Viña del Mar | H13: Artes escénicas | I13: Conector del prototipo | J13: https://teatrovina.cl/cartelera/ | K13: https://teatrovina.cl/cartelera/ | L13: Integrada configurada | M13: Sí | N13: Alta | O13: generic | P13: 46326 | Q13: Revisión de integración 31-10-2026: configuración habilitada; 0 registros publicados no suprimidos en Supabase. Sin aporte publicado. Los puntajes y la auditoría técnica anteriores no se recalcularon. Antecedente: Ejecución reciente: conector funcional. | R13: Aprobada técnicamente | S13: 100 | T13: alta | U13: 200 | V13: Permite | W13: https://teatrovina.cl/cartelera/ | X13: 46279.625 | Y13: Operativa: cartelera accesible y con señales de eventos. | Z13: 0 | AA13: Sin aporte publicado | AB13: https://github.com/sunsitox/sunsitox-Scraper_de_eventos_culturales/blob/main/docs/SOURCES.md
A14: CL-FUE-0013 | B14: Ticketplus · Región Metropolitana | C14: Ticketplus · Región Metropolitana | D14: Fuente configurada en el prototipo | E14: Según fuente | F14: Región Metropolitana de Santiago | H14: Multidisciplinario | I14: Conector del prototipo | J14: https://ticketplus.cl/states/region-metropolitana | K14: https://ticketplus.cl/states/region-metropolitana | L14: Reemplazada por cobertura nacional | M14: No | N14: Alta | O14: generic | P14: 46270.667 | Q14: Configuración histórica sustituida por Ticketplus · Chile. Se conserva como antecedente, pero no cuenta como una segunda integración ni como otra fuente elegible. | R14: Referencia sin agenda | S14: 87 | T14: alta | U14: 200 | V14: Permite | W14: https://ticketplus.cl/states/region-metropolitana | X14: 46279.625 | Y14: No se ejecuta ni se considera integración operativa. | Z14: 0 | AA14: Reemplazada | AB14: https://github.com/sunsitox/sunsitox-Scraper_de_eventos_culturales/blob/main/sources/ticketplus-rm.json
A15: CL-FUE-0014 | B15: Agenda Cultural UOH | C15: Universidad de O'Higgins | D15: Fuente configurada en el prototipo | E15: Según fuente | F15: Región del Libertador General Bernardo O'Higgins | G15: Rancagua | H15: Multidisciplinario | I15: Conector del prototipo | J15: https://www.uoh.cl/extension/agenda/ | K15: https://www.uoh.cl/extension/agenda/ | L15: Integrada configurada | M15: Sí | N15: Alta | O15: wordpress_rest | P15: 46326 | Q15: Revisión de integración 31-10-2026: configuración habilitada; 13 registros publicados no suprimidos en Supabase. Con aporte publicado. Los puntajes y la auditoría técnica anteriores no se recalcularon. Antecedente: Ejecución reciente: conector funcional. | R15: Aprobada técnicamente | S15: 99 | T15: alta | U15: 200 | V15: Permite | W15: https://www.uoh.cl/extension/agenda | X15: 46279.625 | Y15: Operativa: API WordPress y validación de URLs activas. | Z15: 13 | AA15: Con aporte publicado | AB15: https://github.com/sunsitox/sunsitox-Scraper_de_eventos_culturales/actions/runs/41029844675
A16: CL-FUE-0015 | B16: Valpo Cultura | C16: Dirección de Desarrollo Cultural · Municipalidad de Valparaíso | D16: Fuente configurada en el prototipo | E16: Según fuente | F16: Región de Valparaíso | G16: Valparaíso | H16: Multidisciplinario | I16: Conector del prototipo | J16: https://valpocultura.cl/agenda-cultural/ | K16: https://valpocultura.cl/agenda-cultural/ | L16: Integrada configurada | M16: Sí | N16: Alta | O16: tribe_events_api | P16: 46326 | Q16: Revisión de integración 31-10-2026: configuración habilitada; 2 registros publicados no suprimidos en Supabase. Con aporte publicado. Los puntajes y la auditoría técnica anteriores no se recalcularon. Antecedente: Ejecución reciente: conector funcional. | R16: Aprobada técnicamente | S16: 100 | T16: alta | U16: 200 | V16: Permite | W16: https://valpocultura.cl/agenda-cultural/ | X16: 46279.625 | Y16: Operativa: API de calendario funcional. | Z16: 2 | AA16: Con aporte publicado | AB16: https://github.com/sunsitox/sunsitox-Scraper_de_eventos_culturales/actions/runs/41029844675
A17: CL-FUE-0016 | B17: Día de los Patrimonios | C17: Ministerio de las Culturas, las Artes y el Patrimonio | D17: Programa nacional | E17: Nacional | F17: Todas | H17: Patrimonio; Museos; Artes | I17: Agenda web | J17: https://www.diadelospatrimonios.cl/ | K17: https://www.diadelospatrimonios.cl/ | L17: Candidata verificada | M17: Sí | N17: Alta | O17: API/HTML | P17: 46270.667 | Q17: Fuente digital recurrente; validar términos, paginación y estabilidad antes de integrarla. | R17: Revisión manual | S17: 53 | T17: media | U17: 200 | V17: Permite | W17: https://www.diadelpatrimonio.cl/ | X17: 46271.058 | Y17: sin términos de agenda | 0 objetos Event JSON-LD | 0 señales
A18: CL-FUE-0017 | B18: Museos de Chile | C18: Servicio Nacional del Patrimonio Cultural | D18: Directorio/agenda nacional | E18: Nacional | F18: Todas | H18: Museos; Patrimonio; Artes visuales | I18: Portal web | J18: https://www.museoschile.gob.cl/ | K18: https://www.museoschile.gob.cl/ | L18: Candidata verificada | M18: Sí | N18: Alta | O18: HTML | P18: 46270.667 | Q18: Fuente digital recurrente; validar términos, paginación y estabilidad antes de integrarla. | R18: Aprobada técnicamente | S18: 77 | T18: media | U18: 200 | V18: Permite | W18: https://www.museoschile.gob.cl/ | X18: 46271.058 | Y18: 0 objetos Event JSON-LD | 0 enlaces | /
A19: CL-FUE-0018 | B19: Bibliotecas Públicas | C19: Servicio Nacional del Patrimonio Cultural | D19: Red nacional | E19: Nacional | F19: Todas | H19: Literatura; Libro y lectura; Patrimonio | I19: Portal web | J19: https://www.bibliotecaspublicas.gob.cl/ | K19: https://www.bibliotecaspublicas.gob.cl/ | L19: Candidata verificada | M19: Sí | N19: Media | O19: HTML/RSS | P19: 46270.667 | Q19: Fuente digital recurrente; validar términos, paginación y estabilidad antes de integrarla. | R19: Revisión manual | S19: 76 | T19: media | U19: 200 | V19: Permite | W19: https://www.bibliotecaspublicas.gob.cl/ | X19: 46271.058 | Y19: programa | 0 objetos Event JSON-LD | 0 enlaces
A20: CL-FUE-0019 | B20: Patrimonio Cultural | C20: Servicio Nacional del Patrimonio Cultural | D20: Portal institucional | E20: Nacional | F20: Todas | H20: Patrimonio; Archivos; Bibliotecas; Museos | I20: Noticias/agenda | J20: https://www.patrimoniocultural.gob.cl/ | K20: https://www.patrimoniocultural.gob.cl/ | L20: Candidata verificada | M20: Sí | N20: Media | O20: HTML | P20: 46270.667 | Q20: Fuente digital recurrente; validar términos, paginación y estabilidad antes de integrarla. | R20: Aprobada técnicamente | S20: 92 | T20: alta | U20: 200 | V20: Permite | W20: https://www.patrimoniocultural.gob.cl/ | X20: 46271.058 | Y20: 0 objetos Event JSON-LD | /
A21: CL-FUE-0020 | B21: Red Cultura | C21: Ministerio de las Culturas, las Artes y el Patrimonio | D21: Programa/red nacional | E21: Nacional | F21: Todas | H21: Gestión cultural; Participación; Cultura comunitaria | I21: Portal web | J21: https://www.cultura.gob.cl/redcultura/ | K21: https://www.cultura.gob.cl/redcultura/ | L21: Candidata verificada | M21: Sí | N21: Baja | O21: HTML | P21: 46270.667 | Q21: Fuente digital recurrente; validar términos, paginación y estabilidad antes de integrarla. | R21: Revisión manual | S21: 74 | T21: media | U21: 200 | V21: Permite | W21: https://www.cultura.gob.cl/redcultura/ | X21: 46271.058 | Y21: programa | 0 objetos Event JSON-LD | 0 enlaces
A22: CL-FUE-0021 | B22: CECREA | C22: Ministerio de las Culturas, las Artes y el Patrimonio | D22: Red de centros | E22: Nacional | F22: Todas | H22: Infancias; Artes; Ciencia; Tecnología | I22: Cartelera por centro | J22: https://cecrea.cl/ | K22: https://cecrea.cl/ | L22: Candidata verificada | M22: Sí | N22: Media | O22: HTML | P22: 46270.667 | Q22: Fuente digital recurrente; validar términos, paginación y estabilidad antes de integrarla. | R22: Revisión manual | S22: 28 | T22: media | V22: Sin dato | X22: 46271.058 | Y22: error_tls: HTTPSConnectionPool(host='cecrea.cl', port=443): Max retries exceeded with url: / (Caused by SSLError(SSLError(1, '[SSL: TLSV1_UNRECOGNIZED_NAME] tlsv1 unrecognized name (_ssl.c:1082)'))) | sin Content-Type | sin términos de agenda
A23: CL-FUE-0022 | B23: Red Salas de Teatro | C23: Asociación Gremial Red de Salas de Teatro | D23: Red sectorial | E23: Nacional | F23: Varias | H23: Teatro; Danza; Circo | I23: Cartelera web | J23: https://redsalasdeteatro.cl/ | K23: https://redsalasdeteatro.cl/ | L23: Candidata verificada | M23: Sí | N23: Alta | O23: HTML | P23: 46270.667 | Q23: Fuente digital recurrente; validar términos, paginación y estabilidad antes de integrarla. | R23: Aprobada técnicamente | S23: 87 | T23: alta | U23: 200 | V23: Permite | W23: https://redsalasdeteatro.cl/ | X23: 46271.058 | Y23: 0 objetos Event JSON-LD | /
A24: CL-FUE-0023 | B24: Red Salas de Cine | C24: Red Salas Independientes de Cine de Chile | D24: Red sectorial | E24: Nacional | F24: Varias | H24: Cine; Audiovisual | I24: Carteleras enlazadas | J24: https://www.redsalasdecine.cl/ | K24: https://www.redsalasdecine.cl/salas-de-la-red/ | L24: Candidata verificada | M24: Sí | N24: Alta | O24: HTML | P24: 46270.667 | Q24: Fuente digital recurrente; validar términos, paginación y estabilidad antes de integrarla. | R24: Aprobada técnicamente | S24: 71 | T24: media | U24: 200 | V24: Permite | W24: https://www.redsalasdecine.cl/ | X24: 46271.058 | Y24: actividades | 0 objetos Event JSON-LD | 0 señales
A25: CL-FUE-0024 | B25: CineChile · Festivales | C25: Enciclopedia del Cine Chileno | D25: Directorio sectorial | E25: Nacional | F25: Varias | H25: Cine; Audiovisual; Festivales | I25: Directorio web | J25: https://cinechile.cl/festivales/ | K25: https://cinechile.cl/festivales/ | L25: Candidata verificada | M25: Sí | N25: Media | O25: HTML | P25: 46270.667 | Q25: Fuente digital recurrente; validar términos, paginación y estabilidad antes de integrarla. | R25: Aprobada técnicamente | S25: 92 | T25: alta | U25: 200 | V25: Permite | W25: https://cinechile.cl/festivales/ | X25: 46271.058 | Y25: programacion | 0 objetos Event JSON-LD
A26: CL-FUE-0025 | B26: MIC Chile | C26: Ministerio de las Culturas, las Artes y el Patrimonio | D26: Mercado/encuentro | E26: Nacional | F26: Varias | H26: Música; Industrias creativas | I26: Programación web | J26: https://micchile.cultura.gob.cl/ | K26: https://micchile.cultura.gob.cl/ | L26: Candidata verificada | M26: Sí | N26: Media | O26: HTML | P26: 46270.667 | Q26: Fuente digital recurrente; validar términos, paginación y estabilidad antes de integrarla. | R26: Aprobada técnicamente | S26: 85 | T26: alta | U26: 200 | V26: Sin dato | W26: https://micchile.cultura.gob.cl/ | X26: 46271.058 | Y26: 0 objetos Event JSON-LD | 1 enlaces | /
A27: CL-FUE-0026 | B27: PuntoTicket · Chile | C27: PuntoTicket | D27: Tiquetera | E27: Nacional | F27: Todas | H27: Música; Teatro; Humor; Festivales | I27: Cartelera | J27: https://www.puntoticket.com/ | K27: https://www.puntoticket.com/ | L27: Integrada configurada | M27: Sí | N27: Alta | O27: puntoticket_json | P27: 46326 | Q27: Revisión de integración 31-10-2026: configuración habilitada; 215 registros publicados no suprimidos en Supabase. Con aporte publicado. Los puntajes y la auditoría técnica anteriores no se recalcularon. Antecedente: Fuente digital recurrente; validar términos, paginación y estabilidad antes de integrarla. | R27: Aprobada técnicamente | S27: 90 | T27: alta | U27: 200 | V27: Permite | W27: https://www.puntoticket.com/ | X27: 46271.058 | Y27: 0 objetos Event JSON-LD | / | Z27: 215 | AA27: Con aporte publicado | AB27: https://github.com/sunsitox/sunsitox-Scraper_de_eventos_culturales/actions/runs/41029844675
A28: CL-FUE-0027 | B28: Ticketmaster Chile | C28: Ticketmaster Chile | D28: Tiquetera | E28: Nacional | F28: Todas | H28: Música; Teatro; Festivales | I28: Cartelera | J28: https://www.ticketmaster.cl/ | K28: https://www.ticketmaster.cl/ | L28: Candidata verificada | M28: Sí | N28: Alta | O28: API/HTML | P28: 46270.667 | Q28: Fuente digital recurrente; validar términos, paginación y estabilidad antes de integrarla. | R28: Aprobada técnicamente | S28: 88 | T28: alta | U28: 200 | V28: Permite | W28: https://www.ticketmaster.cl/ | X28: 46271.058 | Y28: 0 objetos Event JSON-LD | 1 enlaces | /
A29: CL-FUE-0028 | B29: Ticketplus · Chile | C29: Ticketplus | D29: Tiquetera | E29: Nacional | F29: Chile | H29: Música; Teatro; Cultura; Festivales | I29: Carteleras regionales | J29: https://ticketplus.cl/states/region-metropolitana | K29: https://ticketplus.cl/ | L29: Integrada configurada | M29: Sí | N29: Alta | O29: ticketplus_chile | P29: 46326 | Q29: Revisión de integración 31-10-2026: configuración habilitada; 465 registros publicados no suprimidos en Supabase. Con aporte publicado. Los puntajes y la auditoría técnica anteriores no se recalcularon. Antecedente: Conector nacional activo: descubre las 16 carteleras regionales y aísla los fallos por región. | R29: Aprobada técnicamente | S29: 80 | T29: alta | U29: 200 | V29: Permite | W29: https://ticketplus.cl/ | X29: 46285.625 | Y29: Operativa con cobertura nacional, extracción incremental y filtro cultural global. | Z29: 465 | AA29: Con aporte publicado | AB29: https://github.com/sunsitox/sunsitox-Scraper_de_eventos_culturales/actions/runs/41029844675
A30: CL-FUE-0029 | B30: Passline · Chile | C30: Passline | D30: Tiquetera | E30: Nacional | F30: Todas | H30: Música; Teatro; Festivales; Ferias | I30: Cartelera | J30: https://home.passline.com/home | K30: https://www.passline.com/ | L30: Integrada configurada | M30: Sí | N30: Alta | O30: passline_json | P30: 46326 | Q30: Revisión de integración 31-10-2026: configuración habilitada; 1355 registros publicados no suprimidos en Supabase. Con aporte publicado. Los puntajes y la auditoría técnica anteriores no se recalcularon. Antecedente: Fuente digital recurrente; validar términos, paginación y estabilidad antes de integrarla. | R30: Revisión manual | S30: 50 | T30: media | U30: 200 | V30: Permite | W30: https://home.passline.com | X30: 46271.058 | Y30: 0 objetos Event JSON-LD | 0 señales | 1 enlaces | Z30: 1355 | AA30: Con aporte publicado | AB30: https://github.com/sunsitox/sunsitox-Scraper_de_eventos_culturales/actions/runs/41029844675
A31: CL-FUE-0030 | B31: Eventrid | C31: Eventrid | D31: Tiquetera | E31: Nacional | F31: Todas | H31: Música; Cultura; Congresos; Ferias | I31: Cartelera | J31: https://www.eventrid.cl/ | K31: https://www.eventrid.cl/ | L31: Candidata verificada | M31: Sí | N31: Media | O31: API/HTML | P31: 46270.667 | Q31: Fuente digital recurrente; validar términos, paginación y estabilidad antes de integrarla. | R31: Revisión manual | S31: 56 | T31: media | U31: 200 | V31: Permite | W31: https://www.eventrid.cl/ | X31: 46271.058 | Y31: eventos | 0 objetos Event JSON-LD | 0 señales
A32: CL-FUE-0031 | B32: Welcu | C32: Welcu | D32: Plataforma de eventos | E32: Nacional | F32: Todas | H32: Cultura; Talleres; Ferias; Conferencias | I32: Buscador | J32: https://welcu.com/ | K32: https://welcu.com/ | L32: Candidata verificada | M32: Sí | N32: Media | O32: HTML | P32: 46270.667 | Q32: Fuente digital recurrente; validar términos, paginación y estabilidad antes de integrarla. | R32: Aprobada técnicamente | S32: 100 | T32: alta | U32: 200 | V32: Permite | W32: https://welcu.com/es | X32: 46271.058 | Y32: 0 objetos Event JSON-LD | /es
A33: CL-FUE-0032 | B33: PortalTickets | C33: PortalTickets | D33: Tiquetera | E33: Nacional | F33: Todas | H33: Música; Teatro; Festivales | I33: Cartelera | J33: https://www.portaltickets.cl/ | K33: https://www.portaltickets.cl/ | L33: Candidata verificada | M33: Sí | N33: Media | O33: HTML | P33: 46270.667 | Q33: Fuente digital recurrente; validar términos, paginación y estabilidad antes de integrarla. | R33: Aprobada técnicamente | S33: 94 | T33: alta | U33: 200 | V33: Permite | W33: https://www.portaldisc.com/portaltickets | X33: 46271.058 | Y33: 0 objetos Event JSON-LD | /portaltickets
A34: CL-FUE-0033 | B34: EcoPass | C34: EcoPass | D34: Tiquetera | E34: Nacional | F34: Todas | H34: Música; Cultura; Ferias | I34: Cartelera | J34: https://www.ecopass.cl/ | K34: https://www.ecopass.cl/ | L34: Candidata verificada | M34: Sí | N34: Media | O34: HTML | P34: 46270.667 | Q34: Fuente digital recurrente; validar términos, paginación y estabilidad antes de integrarla. | R34: Revisión manual | S34: 33 | T34: media | U34: 403 | V34: Permite | W34: https://www.ecopass.cl/ | X34: 46271.058 | Y34: http_403 | sin términos de agenda | 0 objetos Event JSON-LD
A35: CL-FUE-0034 | B35: Fundación Teatro a Mil | C35: Fundación Teatro a Mil | D35: Festival/productora | E35: Nacional | F35: Varias | H35: Teatro; Danza; Circo; Artes escénicas | I35: Cartelera | J35: https://teatroamil.cl/ | K35: https://teatroamil.cl/ | L35: Candidata verificada | M35: Sí | N35: Alta | O35: API/HTML | P35: 46270.667 | Q35: Fuente digital recurrente; validar términos, paginación y estabilidad antes de integrarla. | R35: Revisión manual | S35: 72 | T35: media | U35: 200 | V35: Permite | W35: https://teatroamil.cl/ | X35: 46271.058 | Y35: 0 objetos Event JSON-LD | 0 señales | 1 enlaces
A36: CL-FUE-0035 | B36: Cultura Arica | C36: Municipalidad de Arica | D36: Agenda municipal | E36: Regional/comunal | F36: Región de Arica y Parinacota | G36: Arica | H36: Multidisciplinario; Patrimonio | I36: Portal municipal | J36: https://www.muniarica.cl/ | K36: https://www.muniarica.cl/ | L36: Candidata verificada | M36: Sí | N36: Media | O36: HTML | P36: 46270.667 | Q36: Fuente digital recurrente; validar términos, paginación y estabilidad antes de integrarla. | R36: Aprobada técnicamente | S36: 74 | T36: media | U36: 200 | V36: Permite | W36: https://www.muniarica.cl/ | X36: 46271.058 | Y36: 0 objetos Event JSON-LD | /
A37: CL-FUE-0036 | B37: Festival Internacional de Cine Arica Nativa | C37: Fundación Altiplano | D37: Festival | E37: Regional | F37: Región de Arica y Parinacota | G37: Arica | H37: Cine; Patrimonio; Pueblos originarios | I37: Programación | J37: https://www.aricanativa.cl/ | K37: https://www.aricanativa.cl/ | L37: Candidata verificada | M37: Sí | N37: Media | O37: HTML | P37: 46270.667 | Q37: Fuente digital recurrente; validar términos, paginación y estabilidad antes de integrarla. | R37: Revisión manual | S37: 74 | T37: media | U37: 200 | V37: Permite | W37: https://www.aricanativa.cl/ | X37: 46271.058 | Y37: proximamente | 0 objetos Event JSON-LD | 0 enlaces
A38: CL-FUE-0037 | B38: Iquique Cultural | C38: Corporación Municipal de Desarrollo Social de Iquique | D38: Agenda municipal | E38: Regional/comunal | F38: Región de Tarapacá | G38: Iquique | H38: Multidisciplinario | I38: Portal institucional | J38: https://www.municipioiquique.cl/ | K38: https://www.municipioiquique.cl/ | L38: Candidata verificada | M38: Sí | N38: Baja | O38: HTML | P38: 46270.667 | Q38: Fuente digital recurrente; validar términos, paginación y estabilidad antes de integrarla. | R38: Revisión manual | S38: 66 | T38: media | U38: 200 | V38: Permite | W38: https://www.municipioiquique.cl/ | X38: 46271.058 | Y38: cultural | 0 objetos Event JSON-LD | /
A39: CL-FUE-0038 | B39: Teatro Municipal de Iquique | C39: Municipalidad de Iquique | D39: Teatro municipal | E39: Regional | F39: Región de Tarapacá | G39: Iquique | H39: Teatro; Música; Danza | I39: Cartelera | J39: https://www.teatromunicipaliquique.cl/ | K39: https://www.teatromunicipaliquique.cl/ | L39: Candidata verificada | M39: Sí | N39: Alta | O39: HTML | P39: 46270.667 | Q39: Fuente digital recurrente; validar términos, paginación y estabilidad antes de integrarla. | R39: Revisión manual | S39: 32 | T39: media | V39: Sin dato | X39: 46271.058 | Y39: error_red: HTTPSConnectionPool(host='www.teatromunicipaliquique.cl', port=443): Max retries exceeded with url: / (Caused by NameResolutionError("HTTPSConnection(host='www.teatromunicipaliquique.cl', port=443): Failed to resolve 'www.teatromunicipaliqu | sin Content-Type | sin términos de agenda
A40: CL-FUE-0039 | B40: Cultura Antofagasta | C40: Corporación Cultural de Antofagasta | D40: Agenda cultural | E40: Regional/comunal | F40: Región de Antofagasta | G40: Antofagasta | H40: Música; Teatro; Danza; Artes | I40: Portal institucional | J40: https://culturaantofagasta.cl/ | K40: https://culturaantofagasta.cl/ | L40: Candidata verificada | M40: Sí | N40: Alta | O40: HTML | P40: 46270.667 | Q40: Fuente digital recurrente; validar términos, paginación y estabilidad antes de integrarla. | R40: Aprobada técnicamente | S40: 83 | T40: alta | U40: 200 | V40: Permite | W40: https://culturaantofagasta.cl/ | X40: 46271.058 | Y40: 0 objetos Event JSON-LD | 0 señales | /
A41: CL-FUE-0040 | B41: Teatro Municipal de Antofagasta | C41: Corporación Cultural de Antofagasta | D41: Teatro municipal | E41: Regional | F41: Región de Antofagasta | G41: Antofagasta | H41: Teatro; Música; Danza | I41: Cartelera | J41: https://culturaantofagasta.cl/ | K41: https://culturaantofagasta.cl/ | L41: Candidata verificada | M41: Sí | N41: Media | O41: HTML | P41: 46270.667 | Q41: Fuente digital recurrente; validar términos, paginación y estabilidad antes de integrarla. | R41: Aprobada técnicamente | S41: 83 | T41: alta | U41: 200 | V41: Permite | W41: https://culturaantofagasta.cl/ | X41: 46271.058 | Y41: 0 objetos Event JSON-LD | 0 señales | /
A42: CL-FUE-0041 | B42: Fundación Cultural San Pedro de Atacama | C42: Fundación de Cultura de San Pedro de Atacama | D42: Centro cultural | E42: Comunal | F42: Región de Antofagasta | G42: San Pedro de Atacama | H42: Patrimonio; Pueblos originarios; Música; Artes | I42: Portal/redes | J42: https://fundacionspa.cl/ | K42: https://fundacionspa.cl/ | L42: Candidata verificada | M42: Sí | N42: Media | O42: HTML/redes | P42: 46270.667 | Q42: Fuente digital recurrente; validar términos, paginación y estabilidad antes de integrarla. | R42: Aprobada técnicamente | S42: 75 | T42: media | U42: 200 | V42: Permite | W42: https://www.fundacionspa.cl/ | X42: 46271.058 | Y42: actividades | 0 objetos Event JSON-LD | /
A43: CL-FUE-0042 | B43: Cultura Copiapó | C43: Municipalidad de Copiapó | D43: Agenda municipal | E43: Regional/comunal | F43: Región de Atacama | G43: Copiapó | H43: Multidisciplinario | I43: Portal municipal | J43: https://copiapo.cl/ | K43: https://copiapo.cl/ | L43: Candidata verificada | M43: Sí | N43: Baja | O43: HTML | P43: 46270.667 | Q43: Fuente digital recurrente; validar términos, paginación y estabilidad antes de integrarla. | R43: Aprobada técnicamente | S43: 84 | T43: alta | U43: 200 | V43: Permite | W43: https://copiapo.cl/ | X43: 46271.058 | Y43: 0 objetos Event JSON-LD | 0 enlaces | /
A44: CL-FUE-0043 | B44: Centro Cultural Atacama | C44: Municipalidad de Copiapó | D44: Centro cultural | E44: Regional | F44: Región de Atacama | G44: Copiapó | H44: Teatro; Música; Danza; Artes | I44: Cartelera/redes | J44: https://copiapo.cl/ | K44: https://copiapo.cl/ | L44: Candidata verificada | M44: Sí | N44: Media | O44: HTML/redes | P44: 46270.667 | Q44: Fuente digital recurrente; validar términos, paginación y estabilidad antes de integrarla. | R44: Aprobada técnicamente | S44: 84 | T44: alta | U44: 200 | V44: Permite | W44: https://copiapo.cl/ | X44: 46271.058 | Y44: 0 objetos Event JSON-LD | 0 enlaces | /
A45: CL-FUE-0044 | B45: Cultura La Serena | C45: Municipalidad de La Serena | D45: Agenda municipal | E45: Regional/comunal | F45: Región de Coquimbo | G45: La Serena | H45: Multidisciplinario; Patrimonio | I45: Portal municipal | J45: https://www.laserena.cl/ | K45: https://www.laserena.cl/ | L45: Candidata verificada | M45: Sí | N45: Media | O45: HTML | P45: 46270.667 | Q45: Fuente digital recurrente; validar términos, paginación y estabilidad antes de integrarla. | R45: Revisión manual | S45: 53 | T45: media | U45: 200 | V45: Permite | W45: https://laserena.cl/ | X45: 46271.058 | Y45: sin términos de agenda | 0 objetos Event JSON-LD | 0 señales
A46: CL-FUE-0045 | B46: Teatro Municipal de La Serena | C46: Municipalidad de La Serena | D46: Teatro municipal | E46: Regional | F46: Región de Coquimbo | G46: La Serena | H46: Teatro; Música; Danza | I46: Cartelera/redes | J46: https://www.laserena.cl/ | K46: https://www.laserena.cl/ | L46: Candidata verificada | M46: Sí | N46: Media | O46: HTML/redes | P46: 46270.667 | Q46: Fuente digital recurrente; validar términos, paginación y estabilidad antes de integrarla. | R46: Revisión manual | S46: 57 | T46: media | U46: 200 | V46: Permite | W46: https://laserena.cl/ | X46: 46271.058 | Y46: sin términos de agenda | 0 objetos Event JSON-LD | 0 señales
A47: CL-FUE-0046 | B47: Centro Cultural Palace | C47: Municipalidad de Coquimbo | D47: Centro cultural | E47: Regional/comunal | F47: Región de Coquimbo | G47: Coquimbo | H47: Artes visuales; Música; Teatro; Patrimonio | I47: Cartelera | J47: https://centroculturalpalace.cl/ | K47: https://centroculturalpalace.cl/ | L47: Candidata verificada | M47: Sí | N47: Alta | O47: HTML | P47: 46270.667 | Q47: Fuente digital recurrente; validar términos, paginación y estabilidad antes de integrarla. | R47: Revisión manual | S47: 40 | T47: media | V47: Sin dato | X47: 46271.058 | Y47: error_red: HTTPSConnectionPool(host='centroculturalpalace.cl', port=443): Max retries exceeded with url: / (Caused by NameResolutionError("HTTPSConnection(host='centroculturalpalace.cl', port=443): Failed to resolve 'centroculturalpalace.cl' ([Errno 1 | sin Content-Type | sin términos de agenda
A48: CL-FUE-0047 | B48: Teatro Municipal de Ovalle | C48: Corporación Cultural Municipal de Ovalle | D48: Teatro municipal | E48: Regional | F48: Región de Coquimbo | G48: Ovalle | H48: Teatro; Música; Danza | I48: Cartelera | J48: https://www.tmo.cl/ | K48: https://www.tmo.cl/ | L48: Candidata verificada | M48: Sí | N48: Alta | O48: HTML | P48: 46270.667 | Q48: Fuente digital recurrente; validar términos, paginación y estabilidad antes de integrarla. | R48: Aprobada técnicamente | S48: 83 | T48: alta | U48: 200 | V48: Sin dato | W48: https://ccmo.cl/web/ | X48: 46271.059 | Y48: 0 objetos Event JSON-LD | /web/
A49: CL-FUE-0048 | B49: Parque Cultural de Valparaíso | C49: Parque Cultural de Valparaíso | D49: Centro cultural | E49: Regional | F49: Región de Valparaíso | G49: Valparaíso | H49: Artes escénicas; Música; Artes visuales; Patrimonio | I49: Programación | J49: https://parquecultural.cl/agenda-de-actividades/ | K49: https://parquecultural.cl/ | L49: Integrada configurada | M49: Sí | N49: Alta | O49: wordpress_rest | P49: 46326 | Q49: Revisión de integración 31-10-2026: configuración habilitada; 3 registros publicados no suprimidos en Supabase. Con aporte publicado. Los puntajes y la auditoría técnica anteriores no se recalcularon. Antecedente: Configurada el 14-09-2026: API WordPress pública events_list. | R49: Aprobada técnicamente | S49: 100 | T49: alta | U49: 200 | V49: Permite | W49: https://parquecultural.cl/ | X49: 46279.625 | Y49: Extracción declarativa con fechas ACF, enlace oficial e imagen del evento. | Z49: 3 | AA49: Con aporte publicado | AB49: https://github.com/sunsitox/sunsitox-Scraper_de_eventos_culturales/actions/runs/41029844675
A50: CL-FUE-0049 | B50: CENTEX | C50: Ministerio de las Culturas, las Artes y el Patrimonio | D50: Centro cultural | E50: Regional | F50: Región de Valparaíso | G50: Valparaíso | H50: Artes; Patrimonio; Mediación | I50: Programación | J50: https://centex.cultura.gob.cl/category/programacion/ | K50: https://centex.cultura.gob.cl/ | L50: Candidata verificada | M50: Sí | N50: Alta | O50: HTML | P50: 46270.667 | Q50: Fuente digital recurrente; validar términos, paginación y estabilidad antes de integrarla. | R50: Aprobada técnicamente | S50: 100 | T50: alta | U50: 200 | V50: Permite | W50: https://centex.cultura.gob.cl/category/programacion/ | X50: 46271.058 | Y50: 0 objetos Event JSON-LD
A51: CL-FUE-0050 | B51: Teatro Municipal de Valparaíso | C51: Municipalidad de Valparaíso | D51: Teatro municipal | E51: Regional | F51: Región de Valparaíso | G51: Valparaíso | H51: Teatro; Música; Danza | I51: Cartelera | J51: https://teatromunicipalvalparaiso.cl/ | K51: https://teatromunicipalvalparaiso.cl/ | L51: Candidata verificada | M51: Sí | N51: Alta | O51: HTML | P51: 46270.667 | Q51: Fuente digital recurrente; validar términos, paginación y estabilidad antes de integrarla. | R51: Revisión manual | S51: 32 | T51: media | V51: Sin dato | X51: 46271.058 | Y51: error_red: HTTPSConnectionPool(host='teatromunicipalvalparaiso.cl', port=443): Max retries exceeded with url: / (Caused by NameResolutionError("HTTPSConnection(host='teatromunicipalvalparaiso.cl', port=443): Failed to resolve 'teatromunicipalvalparais | sin Content-Type | sin términos de agenda
A52: CL-FUE-0051 | B52: Museo Baburizza | C52: Corporación Museo de Bellas Artes de Valparaíso | D52: Museo | E52: Regional | F52: Región de Valparaíso | G52: Valparaíso | H52: Artes visuales; Patrimonio | I52: Actividades | J52: https://museobaburizza.cl/ | K52: https://museobaburizza.cl/ | L52: Candidata verificada | M52: Sí | N52: Media | O52: HTML | P52: 46270.667 | Q52: Fuente digital recurrente; validar términos, paginación y estabilidad antes de integrarla. | R52: Aprobada técnicamente | S52: 91 | T52: alta | U52: 200 | V52: Permite | W52: https://www.museobaburizza.cl/ | X52: 46271.059 | Y52: 0 objetos Event JSON-LD | /
A53: CL-FUE-0052 | B53: Festival Internacional de Cine de Viña del Mar | C53: Municipalidad de Viña del Mar / Universidad de Valparaíso | D53: Festival | E53: Nacional/internacional | F53: Región de Valparaíso | G53: Viña del Mar | H53: Cine; Audiovisual | I53: Programación | J53: https://ficvina.cl/ | K53: https://ficvina.cl/ | L53: Candidata verificada | M53: Sí | N53: Media | O53: HTML | P53: 46270.667 | Q53: Fuente digital recurrente; validar términos, paginación y estabilidad antes de integrarla. | R53: Aprobada técnicamente | S53: 71 | T53: media | U53: 200 | V53: Permite | W53: https://cinevina.cl/ | X53: 46271.059 | Y53: 0 objetos Event JSON-LD | /
A54: CL-FUE-0053 | B54: Matucana 100 | C54: Corporación Cultural Matucana 100 | D54: Centro cultural | E54: Regional/nacional | F54: Región Metropolitana de Santiago | G54: Estación Central | H54: Teatro; Danza; Música; Cine; Artes visuales | I54: Cartelera | J54: https://www.m100.cl/ | K54: https://www.m100.cl/ | L54: Candidata verificada | M54: Sí | N54: Alta | O54: HTML | P54: 46270.667 | Q54: Fuente digital recurrente; validar términos, paginación y estabilidad antes de integrarla. | R54: Aprobada técnicamente | S54: 88 | T54: alta | U54: 200 | V54: Permite | W54: https://www.m100.cl/ | X54: 46271.059 | Y54: cartelera | 0 objetos Event JSON-LD | /
A55: CL-FUE-0054 | B55: Teatro Municipal de Santiago | C55: Corporación Cultural de Santiago | D55: Teatro | E55: Nacional | F55: Región Metropolitana de Santiago | G55: Santiago | H55: Ópera; Ballet; Música clásica | I55: Calendario | J55: https://municipal.cl/ | K55: https://municipal.cl/ | L55: Candidata verificada | M55: Sí | N55: Alta | O55: HTML | P55: 46270.667 | Q55: Fuente digital recurrente; validar términos, paginación y estabilidad antes de integrarla. | R55: Aprobada técnicamente | S55: 95 | T55: alta | U55: 200 | V55: Permite | W55: https://municipal.cl/ | X55: 46271.059 | Y55: 0 objetos Event JSON-LD | /
A56: CL-FUE-0055 | B56: Centro Cultural CEINA | C56: Fundación CEINA | D56: Fuente configurada en el prototipo | E56: Regional | F56: Región Metropolitana de Santiago | G56: Santiago | H56: Teatro; Música; Danza; Exposiciones | I56: Conector del prototipo | J56: https://ceina.cl/cartelera/ | K56: https://ceina.cl/cartelera/ | L56: Integrada configurada | M56: Sí | N56: Alta | O56: html_cards | P56: 46326 | Q56: Revisión de integración 31-10-2026: configuración habilitada; 11 registros publicados no suprimidos en Supabase. Con aporte publicado. Los puntajes y la auditoría técnica anteriores no se recalcularon. Antecedente: Integración validada en vivo: 7 eventos vigentes con fechas, categorías, imágenes y fichas oficiales. | R56: Aprobada técnicamente | S56: 100 | T56: alta | U56: 200 | V56: Permite | W56: https://ceina.cl/cartelera/ | X56: 46286 | Y56: Operativa: cartelera oficial accesible; se descartan publicaciones que solo informan el año y carecen de fecha de evento. | Z56: 11 | AA56: Con aporte publicado | AB56: https://github.com/sunsitox/sunsitox-Scraper_de_eventos_culturales/actions/runs/41029844675
A57: CL-FUE-0056 | B57: Fundación CorpArtes | C57: Fundación CorpArtes | D57: Centro cultural | E57: Regional/nacional | F57: Región Metropolitana de Santiago | G57: Las Condes | H57: Música; Teatro; Cine; Artes visuales | I57: Cartelera | J57: https://corpartes.cl/programacion/ | K57: https://corpartes.cl/ | L57: Integrada configurada | M57: Sí | N57: Alta | O57: html_cards | P57: 46326 | Q57: Revisión de integración 31-10-2026: configuración habilitada; 8 registros publicados no suprimidos en Supabase. Con aporte publicado. Los puntajes y la auditoría técnica anteriores no se recalcularon. Antecedente: Configurada el 14-09-2026: tarjetas HTML de cartelera pública. | R57: Aprobada técnicamente | S57: 100 | T57: alta | U57: 200 | V57: Permite | W57: https://corpartes.cl/ | X57: 46279.625 | Y57: Extracción declarativa de título, fecha, categoría y enlace de ticket oficial. | Z57: 8 | AA57: Con aporte publicado | AB57: https://github.com/sunsitox/sunsitox-Scraper_de_eventos_culturales/actions/runs/41029844675
A58: CL-FUE-0057 | B58: Centro Cultural Las Condes | C58: Corporación Cultural de Las Condes | D58: Red comunal | E58: Comunal | F58: Región Metropolitana de Santiago | G58: Las Condes | H58: Teatro; Música; Cine; Artes visuales; Talleres | I58: Agenda | J58: https://www.culturallascondes.cl/ | K58: https://www.culturallascondes.cl/ | L58: Candidata verificada | M58: Sí | N58: Alta | O58: HTML | P58: 46270.667 | Q58: Fuente digital recurrente; validar términos, paginación y estabilidad antes de integrarla. | R58: Revisión manual | S58: 40 | T58: media | V58: Sin dato | X58: 46271.059 | Y58: error_tls: HTTPSConnectionPool(host='www.culturallascondes.cl', port=443): Max retries exceeded with url: / (Caused by SSLError(SSLCertVerificationError(1, '[SSL: CERTIFICATE_VERIFY_FAILED] certificate verify failed: unable to get local issuer certifi | sin Content-Type | sin términos de agenda
A59: CL-FUE-0058 | B59: Cultura Providencia | C59: Fundación Cultural de Providencia | D59: Agenda municipal | E59: Comunal | F59: Región Metropolitana de Santiago | G59: Providencia | H59: Teatro; Música; Cine; Artes; Patrimonio | I59: Cartelera | J59: https://culturaprovidencia.cl/ | K59: https://culturaprovidencia.cl/ | L59: Candidata verificada | M59: Sí | N59: Alta | O59: HTML | P59: 46270.667 | Q59: Fuente digital recurrente; validar términos, paginación y estabilidad antes de integrarla. | R59: Aprobada técnicamente | S59: 91 | T59: alta | U59: 200 | V59: Permite | W59: https://culturaprovidencia.cl/ | X59: 46271.059 | Y59: 0 objetos Event JSON-LD | /
A60: CL-FUE-0059 | B60: Cultura Ñuñoa | C60: Corporación Cultural de Ñuñoa | D60: Agenda municipal | E60: Comunal | F60: Región Metropolitana de Santiago | G60: Ñuñoa | H60: Multidisciplinario | I60: Cartelera | J60: https://www.ccn.cl/ | K60: https://www.ccn.cl/ | L60: Candidata verificada | M60: Sí | N60: Alta | O60: HTML | P60: 46270.667 | Q60: Fuente digital recurrente; validar términos, paginación y estabilidad antes de integrarla. | R60: Revisión manual | S60: 53 | T60: media | U60: 200 | V60: Permite | W60: https://www.ccn.cl/ | X60: 46271.059 | Y60: sin términos de agenda | 0 objetos Event JSON-LD | 0 señales
A61: CL-FUE-0060 | B61: Cultura Vitacura | C61: Municipalidad de Vitacura | D61: Agenda municipal | E61: Comunal | F61: Región Metropolitana de Santiago | G61: Vitacura | H61: Teatro; Música; Artes; Talleres | I61: Agenda | J61: https://vitacuracultura.cl/actividades/ | K61: https://vitacuracultura.cl/ | L61: Integrada configurada | M61: Sí | N61: Alta | O61: html_cards | P61: 46326 | Q61: Revisión de integración 31-10-2026: configuración habilitada; 0 registros publicados no suprimidos en Supabase. Sin aporte publicado. Los puntajes y la auditoría técnica anteriores no se recalcularon. Antecedente: Configurada el 14-09-2026: tarjetas HTML de actividades públicas. | R61: Aprobada técnicamente | S61: 100 | T61: alta | U61: 200 | V61: Permite | W61: https://vitacuracultura.cl/ | X61: 46279.625 | Y61: Extracción declarativa de actividades; conserva el enlace oficial y la programación recurrente. | Z61: 0 | AA61: Sin aporte publicado | AB61: https://github.com/sunsitox/sunsitox-Scraper_de_eventos_culturales/blob/main/docs/SOURCES.md
A62: CL-FUE-0061 | B62: Cultura Lo Barnechea | C62: Corporación Cultural de Lo Barnechea | D62: Agenda municipal | E62: Comunal | F62: Región Metropolitana de Santiago | G62: Lo Barnechea | H62: Multidisciplinario | I62: Agenda | J62: https://www.culturalobarnechea.cl/ | K62: https://www.culturalobarnechea.cl/ | L62: Candidata verificada | M62: Sí | N62: Alta | O62: HTML | P62: 46270.667 | Q62: Fuente digital recurrente; validar términos, paginación y estabilidad antes de integrarla. | R62: Revisión manual | S62: 28 | T62: media | V62: Sin dato | X62: 46271.059 | Y62: error_red: HTTPSConnectionPool(host='www.culturalobarnechea.cl', port=443): Max retries exceeded with url: / (Caused by NameResolutionError("HTTPSConnection(host='www.culturalobarnechea.cl', port=443): Failed to resolve 'www.culturalobarnechea.cl' ([E | sin Content-Type | sin términos de agenda
A63: CL-FUE-0062 | B63: Cultura La Reina | C63: Corporación Cultural de La Reina | D63: Agenda municipal | E63: Comunal | F63: Región Metropolitana de Santiago | G63: La Reina | H63: Multidisciplinario | I63: Cartelera | J63: https://www.culturalareina.cl/ | K63: https://www.culturalareina.cl/ | L63: Candidata verificada | M63: Sí | N63: Media | O63: HTML | P63: 46270.667 | Q63: Fuente digital recurrente; validar términos, paginación y estabilidad antes de integrarla. | R63: Aprobada técnicamente | S63: 100 | T63: alta | U63: 200 | V63: Permite | W63: https://culturalareina.cl/ | X63: 46271.059 | Y63: 0 objetos Event JSON-LD | /
A64: CL-FUE-0063 | B64: Centro Cultural Chimkowe | C64: Municipalidad de Peñalolén | D64: Centro cultural | E64: Comunal | F64: Región Metropolitana de Santiago | G64: Peñalolén | H64: Música; Teatro; Ferias; Cultura comunitaria | I64: Agenda municipal | J64: https://www.chimkowe.cl/ | K64: https://www.chimkowe.cl/ | L64: Candidata verificada | M64: Sí | N64: Media | O64: HTML | P64: 46270.667 | Q64: Fuente digital recurrente; validar términos, paginación y estabilidad antes de integrarla. | R64: Aprobada técnicamente | S64: 80 | T64: alta | U64: 200 | V64: Permite | W64: https://chimkowe.cl/ | X64: 46271.059 | Y64: programacion | 0 objetos Event JSON-LD | /
A65: CL-FUE-0064 | B65: Centro Cultural San Joaquín | C65: Corporación Municipal de Cultura de San Joaquín | D65: Centro cultural | E65: Comunal | F65: Región Metropolitana de Santiago | G65: San Joaquín | H65: Teatro; Danza; Música; Cine; Talleres | I65: Cartelera | J65: https://culturasanjoaquin.cl/ | K65: https://culturasanjoaquin.cl/ | L65: Candidata verificada | M65: Sí | N65: Alta | O65: HTML | P65: 46270.667 | Q65: Fuente digital recurrente; validar términos, paginación y estabilidad antes de integrarla. | R65: Aprobada técnicamente | S65: 72 | T65: media | U65: 200 | V65: Permite | W65: https://culturasanjoaquin.cl/ | X65: 46271.059 | Y65: cartelera | 0 objetos Event JSON-LD | /
A66: CL-FUE-0065 | B66: Balmaceda Arte Joven | C66: Corporación Cultural Balmaceda Arte Joven | D66: Red de centros | E66: Nacional | F66: Varias | H66: Artes; Formación; Juventudes | I66: Agenda por sede | J66: https://www.balmacedartejoven.cl/ | K66: https://www.balmacedartejoven.cl/ | L66: Candidata verificada | M66: Sí | N66: Media | O66: HTML | P66: 46270.667 | Q66: Fuente digital recurrente; validar términos, paginación y estabilidad antes de integrarla. | R66: Aprobada técnicamente | S66: 83 | T66: alta | U66: 200 | V66: Permite | W66: https://www.balmacedartejoven.cl/ | X66: 46271.059 | Y66: 0 objetos Event JSON-LD | /
A67: CL-FUE-0066 | B67: Museo Nacional de Bellas Artes | C67: Servicio Nacional del Patrimonio Cultural | D67: Museo | E67: Nacional | F67: Región Metropolitana de Santiago | G67: Santiago | H67: Artes visuales; Patrimonio | I67: Exposiciones/actividades | J67: https://www.mnba.gob.cl/ | K67: https://www.mnba.gob.cl/ | L67: Candidata verificada | M67: Sí | N67: Alta | O67: HTML | P67: 46270.667 | Q67: Fuente digital recurrente; validar términos, paginación y estabilidad antes de integrarla. | R67: Aprobada técnicamente | S67: 95 | T67: alta | U67: 200 | V67: Permite | W67: https://www.mnba.gob.cl/ | X67: 46271.059 | Y67: 0 objetos Event JSON-LD | /
A68: CL-FUE-0067 | B68: Museo de Arte Contemporáneo | C68: Universidad de Chile | D68: Museo | E68: Nacional | F68: Región Metropolitana de Santiago | G68: Santiago | H68: Arte contemporáneo; Exposiciones | I68: Programación | J68: https://mac.uchile.cl/ | K68: https://mac.uchile.cl/ | L68: Candidata verificada | M68: Sí | N68: Alta | O68: HTML | P68: 46270.667 | Q68: Fuente digital recurrente; validar términos, paginación y estabilidad antes de integrarla. | R68: Aprobada técnicamente | S68: 94 | T68: alta | U68: 200 | V68: Permite | W68: https://mac.uchile.cl/ | X68: 46271.059 | Y68: 0 objetos Event JSON-LD | /
A69: CL-FUE-0068 | B69: Museo de la Memoria y los Derechos Humanos | C69: Fundación Museo de la Memoria | D69: Museo | E69: Nacional | F69: Región Metropolitana de Santiago | G69: Santiago | H69: Memoria; Derechos humanos; Cine; Artes | I69: Agenda | J69: https://mmdh.cl/cartelera | K69: https://mmdh.cl/ | L69: Integrada configurada | M69: Sí | N69: Alta | O69: json_api | P69: 46326 | Q69: Revisión de integración 31-10-2026: configuración habilitada; 4 registros publicados no suprimidos en Supabase. Con aporte publicado. Los puntajes y la auditoría técnica anteriores no se recalcularon. Antecedente: Fuente digital recurrente; validar términos, paginación y estabilidad antes de integrarla. | R69: Revisión manual | S69: 75 | T69: media | U69: 200 | V69: Permite | W69: https://mmdh.cl/ | X69: 46271.059 | Y69: 0 objetos Event JSON-LD | 0 señales | 1 enlaces | Z69: 4 | AA69: Con aporte publicado | AB69: https://github.com/sunsitox/sunsitox-Scraper_de_eventos_culturales/actions/runs/41029844675
A70: CL-FUE-0069 | B70: Museo Interactivo Mirador | C70: Fundación Tiempos Nuevos | D70: Museo | E70: Nacional | F70: Región Metropolitana de Santiago | G70: La Granja | H70: Ciencia; Educación; Cultura | I70: Actividades | J70: https://mim.cl/ | K70: https://mim.cl/ | L70: Candidata verificada | M70: Sí | N70: Media | O70: HTML | P70: 46270.667 | Q70: Fuente digital recurrente; validar términos, paginación y estabilidad antes de integrarla. | R70: Aprobada técnicamente | S70: 100 | T70: alta | U70: 200 | V70: Permite | W70: https://mim.cl/ | X70: 46271.059 | Y70: 0 objetos Event JSON-LD | /
A71: CL-FUE-0070 | B71: Biblioteca Nacional de Chile | C71: Servicio Nacional del Patrimonio Cultural | D71: Biblioteca | E71: Nacional | F71: Región Metropolitana de Santiago | G71: Santiago | H71: Literatura; Patrimonio; Exposiciones; Música | I71: Agenda | J71: https://www.bibliotecanacional.gob.cl/ | K71: https://www.bibliotecanacional.gob.cl/ | L71: Candidata verificada | M71: Sí | N71: Alta | O71: HTML | P71: 46270.667 | Q71: Fuente digital recurrente; validar términos, paginación y estabilidad antes de integrarla. | R71: Aprobada técnicamente | S71: 93 | T71: alta | U71: 200 | V71: Permite | W71: https://www.bibliotecanacional.gob.cl/ | X71: 46271.059 | Y71: 0 objetos Event JSON-LD | /
A72: CL-FUE-0071 | B72: Teatro UC | C72: Pontificia Universidad Católica de Chile | D72: Teatro universitario | E72: Regional | F72: Región Metropolitana de Santiago | G72: Ñuñoa | H72: Teatro; Artes escénicas | I72: Cartelera | J72: https://teatrouc.uc.cl/ | K72: https://teatrouc.uc.cl/ | L72: Candidata verificada | M72: Sí | N72: Alta | O72: HTML | P72: 46270.667 | Q72: Fuente digital recurrente; validar términos, paginación y estabilidad antes de integrarla. | R72: Aprobada técnicamente | S72: 83 | T72: alta | U72: 200 | V72: Permite | W72: https://teatrouc.uc.cl/ | X72: 46271.059 | Y72: 0 objetos Event JSON-LD | /
A73: CL-FUE-0072 | B73: Teatro Nacional Chileno | C73: Universidad de Chile | D73: Teatro universitario | E73: Nacional | F73: Región Metropolitana de Santiago | G73: Santiago | H73: Teatro; Artes escénicas | I73: Cartelera | J73: https://tnch.uchile.cl/ | K73: https://tnch.uchile.cl/ | L73: Candidata verificada | M73: Sí | N73: Alta | O73: HTML | P73: 46270.667 | Q73: Fuente digital recurrente; validar términos, paginación y estabilidad antes de integrarla. | R73: Aprobada técnicamente | S73: 71 | T73: media | U73: 200 | V73: Permite | W73: https://tnch.uchile.cl/ | X73: 46271.059 | Y73: 0 objetos Event JSON-LD | /
A74: CL-FUE-0073 | B74: Centro Arte Alameda | C74: Centro Arte Alameda | D74: Centro cultural/cine | E74: Regional | F74: Región Metropolitana de Santiago | G74: Santiago | H74: Cine; Música; Artes | I74: Cartelera | J74: https://centroartealameda.cl/ | K74: https://centroartealameda.cl/ | L74: Candidata verificada | M74: Sí | N74: Alta | O74: HTML | P74: 46270.667 | Q74: Fuente digital recurrente; validar términos, paginación y estabilidad antes de integrarla. | R74: No aprobada | S74: 35 | T74: alta | V74: No permite | X74: 46271.059 | Y74: El sitio no permite este agente en robots.txt. | robots_txt_no_permite | robots.txt lo impide
A75: CL-FUE-0074 | B75: Cineteca Nacional de Chile | C75: Centro Cultural La Moneda | D75: Cineteca | E75: Nacional | F75: Región Metropolitana de Santiago | G75: Santiago | H75: Cine; Patrimonio audiovisual | I75: Cartelera | J75: https://www.cclm.cl/cineteca-nacional-de-chile/ | K75: https://www.cclm.cl/ | L75: Candidata verificada | M75: Sí | N75: Alta | O75: HTML | P75: 46270.667 | Q75: Fuente digital recurrente; validar términos, paginación y estabilidad antes de integrarla. | R75: Aprobada técnicamente | S75: 90 | T75: alta | U75: 200 | V75: Permite | W75: https://www.cclm.cl/cineteca-nacional-de-chile/ | X75: 46271.059 | Y75: 0 objetos Event JSON-LD | /cineteca-nacional-de-chile/
A76: CL-FUE-0075 | B76: Teatro Regional Lucho Gatica | C76: Corporación de la Cultura y las Artes de Rancagua | D76: Teatro | E76: Regional | F76: Región del Libertador General Bernardo O'Higgins | G76: Rancagua | H76: Teatro; Música; Danza | I76: Cartelera | J76: https://rancaguacultura.cl/ | K76: https://rancaguacultura.cl/ | L76: Candidata verificada | M76: Sí | N76: Media | O76: HTML | P76: 46270.667 | Q76: Fuente digital recurrente; validar términos, paginación y estabilidad antes de integrarla. | R76: Aprobada técnicamente | S76: 93 | T76: alta | U76: 200 | V76: Permite | W76: https://rancaguacultura.cl/ | X76: 46271.059 | Y76: 0 objetos Event JSON-LD | /
A77: CL-FUE-0076 | B77: Fiesta de la Vendimia de Colchagua | C77: Municipalidad de Santa Cruz / Ruta del Vino Colchagua | D77: Fiesta costumbrista/vinícola | E77: Regional | F77: Región del Libertador General Bernardo O'Higgins | G77: Santa Cruz | H77: Vendimia; Música; Gastronomía; Patrimonio | I77: Sitio/calendario | J77: https://www.rutadelvino.cl/ | K77: https://www.enoturismochile.cl/descargas/ | L77: Candidata verificada | M77: Sí | N77: Alta | O77: HTML/PDF | P77: 46270.667 | Q77: Fuente digital recurrente; validar términos, paginación y estabilidad antes de integrarla. | R77: Revisión manual | S77: 69 | T77: media | U77: 200 | V77: Permite | W77: https://rutadelvino.cl/es | X77: 46271.059 | Y77: eventos | 0 objetos Event JSON-LD | 0 señales
A78: CL-FUE-0077 | B78: Teatro Regional del Maule | C78: Corporación Regional de Desarrollo Productivo del Maule | D78: Teatro | E78: Regional | F78: Región del Maule | G78: Talca | H78: Teatro; Música; Danza | I78: Cartelera | J78: https://www.teatroregional.cl/cartelera | K78: https://www.teatroregional.cl/ | L78: Integrada configurada | M78: Sí | N78: Alta | O78: html_cards | P78: 46326 | Q78: Revisión de integración 31-10-2026: configuración habilitada; 5 registros publicados no suprimidos en Supabase. Con aporte publicado. Los puntajes y la auditoría técnica anteriores no se recalcularon. Antecedente: Fuente digital recurrente; validar términos, paginación y estabilidad antes de integrarla. | R78: Aprobada técnicamente | S78: 84 | T78: alta | U78: 200 | V78: Permite | W78: https://www.teatroregional.cl/ | X78: 46271.059 | Y78: cartelera | 0 objetos Event JSON-LD | / | Z78: 5 | AA78: Con aporte publicado | AB78: https://github.com/sunsitox/sunsitox-Scraper_de_eventos_culturales/actions/runs/41029844675
A79: CL-FUE-0078 | B79: Extensión Cultural UCM | C79: Universidad Católica del Maule | D79: Agenda universitaria | E79: Regional | F79: Región del Maule | G79: Talca/Curicó | H79: Artes; Música; Cine; Literatura | I79: Agenda | J79: https://portal.ucm.cl/extension | K79: https://portal.ucm.cl/extension | L79: Candidata verificada | M79: Sí | N79: Media | O79: HTML | P79: 46270.667 | Q79: Fuente digital recurrente; validar términos, paginación y estabilidad antes de integrarla. | R79: No aprobada | S79: 35 | T79: alta | V79: No permite | X79: 46271.059 | Y79: El sitio no permite este agente en robots.txt. | robots_txt_no_permite | robots.txt lo impide
A80: CL-FUE-0079 | B80: Teatro Municipal de Chillán | C80: Municipalidad de Chillán | D80: Teatro municipal | E80: Regional | F80: Región de Ñuble | G80: Chillán | H80: Teatro; Música; Danza | I80: Cartelera | J80: https://teatrochillan.cl/cartelera/ | K80: https://teatromunicipalchillan.cl/ | L80: Integrada configurada | M80: Sí | N80: Alta | O80: html_cards | P80: 46326 | Q80: Revisión de integración 31-10-2026: configuración habilitada; 5 registros publicados no suprimidos en Supabase. Con aporte publicado. Los puntajes y la auditoría técnica anteriores no se recalcularon. Antecedente: Fuente digital recurrente; validar términos, paginación y estabilidad antes de integrarla. | R80: Revisión manual | S80: 32 | T80: media | V80: Sin dato | X80: 46271.059 | Y80: error_red: HTTPSConnectionPool(host='teatromunicipalchillan.cl', port=443): Max retries exceeded with url: / (Caused by NameResolutionError("HTTPSConnection(host='teatromunicipalchillan.cl', port=443): Failed to resolve 'teatromunicipalchillan.cl' ([E | sin Content-Type | sin términos de agenda | Z80: 5 | AA80: Con aporte publicado | AB80: https://github.com/sunsitox/sunsitox-Scraper_de_eventos_culturales/actions/runs/41029844675
A81: CL-FUE-0080 | B81: Centro Cultural Municipal de Chillán | C81: Municipalidad de Chillán | D81: Centro cultural | E81: Regional/comunal | F81: Región de Ñuble | G81: Chillán | H81: Artes; Talleres; Cultura comunitaria | I81: Programación | J81: https://www.municipalidadchillan.cl/ | K81: https://www.municipalidadchillan.cl/ | L81: Candidata verificada | M81: Sí | N81: Media | O81: HTML | P81: 46270.667 | Q81: Fuente digital recurrente; validar términos, paginación y estabilidad antes de integrarla. | R81: Aprobada técnicamente | S81: 84 | T81: alta | U81: 200 | V81: Sin dato | W81: https://www.municipalidadchillan.cl/sitio/ | X81: 46271.059 | Y81: 0 objetos Event JSON-LD | /sitio/
A82: CL-FUE-0081 | B82: Concepción Cultural | C82: Corporación Cultural de Concepción | D82: Agenda municipal | E82: Regional/comunal | F82: Región del Biobío | G82: Concepción | H82: Multidisciplinario | I82: Agenda web | J82: https://www.concepcioncultural.cl/ | K82: https://www.concepcioncultural.cl/ | L82: Candidata verificada | M82: Sí | N82: Alta | O82: HTML | P82: 46270.667 | Q82: Fuente digital recurrente; validar términos, paginación y estabilidad antes de integrarla. | R82: Aprobada técnicamente | S82: 90 | T82: alta | U82: 200 | V82: Permite | W82: https://www.concepcioncultural.cl/ | X82: 46271.059 | Y82: 0 objetos Event JSON-LD | /
A83: CL-FUE-0082 | B83: Teatro Biobío | C83: Fundación Teatro Biobío | D83: Teatro | E83: Regional/nacional | F83: Región del Biobío | G83: Concepción | H83: Teatro; Música; Danza; Circo | I83: Cartelera | J83: https://teatrobiobio.cl/categoria/cartelera/ | K83: https://www.teatrobiobio.cl/ | L83: Integrada configurada | M83: Sí | N83: Alta | O83: teatro_biobio | P83: 46326 | Q83: Revisión de integración 31-10-2026: configuración habilitada; 25 registros publicados no suprimidos en Supabase. Con aporte publicado. Los puntajes y la auditoría técnica anteriores no se recalcularon. Antecedente: Fuente digital recurrente; validar términos, paginación y estabilidad antes de integrarla. | R83: Aprobada técnicamente | S83: 73 | T83: media | U83: 200 | V83: Permite | W83: https://teatrobiobio.cl/ | X83: 46271.059 | Y83: 0 objetos Event JSON-LD | 0 señales | / | Z83: 25 | AA83: Con aporte publicado | AB83: https://github.com/sunsitox/sunsitox-Scraper_de_eventos_culturales/actions/runs/41029844675
A84: CL-FUE-0083 | B84: Corcudec | C84: Corporación Cultural Universidad de Concepción | D84: Agenda universitaria | E84: Regional | F84: Región del Biobío | G84: Concepción | H84: Música; Artes; Extensión | I84: Cartelera | J84: https://www.corcudec.cl/ | K84: https://www.corcudec.cl/ | L84: Candidata verificada | M84: Sí | N84: Alta | O84: HTML | P84: 46270.667 | Q84: Fuente digital recurrente; validar términos, paginación y estabilidad antes de integrarla. | R84: Aprobada técnicamente | S84: 72 | T84: media | U84: 200 | V84: Sin dato | W84: https://www.corcudec.cl/ | X84: 46271.059 | Y84: temporada | 0 objetos Event JSON-LD | /
A85: CL-FUE-0084 | B85: Artistas del Acero | C85: Corporación Cultural Artistas del Acero | D85: Centro cultural | E85: Regional | F85: Región del Biobío | G85: Concepción | H85: Teatro; Danza; Música; Artes | I85: Cartelera | J85: https://artistasdelacero.cl/ | K85: https://artistasdelacero.cl/ | L85: Candidata verificada | M85: Sí | N85: Alta | O85: HTML | P85: 46270.667 | Q85: Fuente digital recurrente; validar términos, paginación y estabilidad antes de integrarla. | R85: Revisión manual | S85: 40 | T85: media | V85: Sin dato | X85: 46271.059 | Y85: error_tls: HTTPSConnectionPool(host='artistasdelacero.cl', port=443): Max retries exceeded with url: / (Caused by SSLError(SSLError(1, '[SSL: SSLV3_ALERT_HANDSHAKE_FAILURE] ssl/tls alert handshake failure (_ssl.c:1082)'))) | sin Content-Type | sin términos de agenda
A86: CL-FUE-0085 | B86: Balmaceda Arte Joven Biobío | C86: Balmaceda Arte Joven | D86: Centro cultural | E86: Regional | F86: Región del Biobío | G86: Concepción | H86: Artes; Formación; Juventudes | I86: Agenda | J86: https://www.balmacedartejoven.cl/ | K86: https://www.balmacedartejoven.cl/ | L86: Candidata verificada | M86: Sí | N86: Media | O86: HTML | P86: 46270.667 | Q86: Fuente digital recurrente; validar términos, paginación y estabilidad antes de integrarla. | R86: Aprobada técnicamente | S86: 83 | T86: alta | U86: 200 | V86: Permite | W86: https://www.balmacedartejoven.cl/ | X86: 46271.059 | Y86: 0 objetos Event JSON-LD | /
A87: CL-FUE-0086 | B87: Festival Internacional de Cine de Lebu | C87: Agrupación Cultural Festival de Cine Caverna Benavides | D87: Festival | E87: Nacional/internacional | F87: Región del Biobío | G87: Lebu | H87: Cine; Audiovisual | I87: Programación | J87: https://cinelebu.cl/ | K87: https://cinelebu.cl/ | L87: Candidata verificada | M87: Sí | N87: Alta | O87: HTML | P87: 46270.667 | Q87: Fuente digital recurrente; validar términos, paginación y estabilidad antes de integrarla. | R87: Revisión manual | S87: 68 | T87: media | U87: 200 | V87: Permite | W87: https://cinelebu.cl/ | X87: 46271.059 | Y87: programa | 0 objetos Event JSON-LD | 0 señales
A88: CL-FUE-0087 | B88: Festival Frontera Sur | C88: Festival Internacional de Cine de No Ficción Frontera Sur | D88: Festival | E88: Nacional/internacional | F88: Región del Biobío | G88: Concepción | H88: Cine documental; Audiovisual | I88: Programación | J88: https://fronterasurfestival.com/ | K88: https://fronterasurfestival.com/ | L88: Candidata verificada | M88: Sí | N88: Media | O88: HTML | P88: 46270.667 | Q88: Fuente digital recurrente; validar términos, paginación y estabilidad antes de integrarla. | R88: Aprobada técnicamente | S88: 86 | T88: alta | U88: 200 | V88: Permite | W88: https://fronterasurfestival.com/ | X88: 46271.059 | Y88: 0 objetos Event JSON-LD | /
A89: CL-FUE-0088 | B89: Teatro Municipal de Temuco | C89: Municipalidad de Temuco | D89: Teatro municipal | E89: Regional | F89: Región de La Araucanía | G89: Temuco | H89: Teatro; Música; Danza | I89: Cartelera | J89: https://ww2.teatromunicipaltemuco.cl/ | K89: https://ww2.teatromunicipaltemuco.cl/ | L89: Candidata verificada | M89: Sí | N89: Alta | O89: HTML | P89: 46270.667 | Q89: Fuente digital recurrente; validar términos, paginación y estabilidad antes de integrarla. | R89: Aprobada técnicamente | S89: 91 | T89: alta | U89: 200 | V89: Permite | W89: https://ww2.teatromunicipaltemuco.cl/ | X89: 46271.059 | Y89: 0 objetos Event JSON-LD | /
A90: CL-FUE-0089 | B90: Corporación Cultural de Temuco | C90: Municipalidad de Temuco | D90: Agenda municipal | E90: Regional/comunal | F90: Región de La Araucanía | G90: Temuco | H90: Multidisciplinario; Cultura mapuche | I90: Portal institucional | J90: https://www.temuco.cl/ | K90: https://www.temuco.cl/ | L90: Candidata verificada | M90: Sí | N90: Media | O90: HTML | P90: 46270.667 | Q90: Fuente digital recurrente; validar términos, paginación y estabilidad antes de integrarla. | R90: Aprobada técnicamente | S90: 74 | T90: media | U90: 200 | V90: Permite | W90: https://www.temuco.cl/ | X90: 46271.059 | Y90: 0 objetos Event JSON-LD | 1 enlaces | /
A91: CL-FUE-0090 | B91: Museo Nacional Ferroviario Pablo Neruda | C91: Municipalidad de Temuco | D91: Museo | E91: Regional/nacional | F91: Región de La Araucanía | G91: Temuco | H91: Patrimonio; Museos; Literatura | I91: Actividades | J91: https://www.museoferroviariotemuco.cl/ | K91: https://www.museoferroviariotemuco.cl/ | L91: Candidata verificada | M91: Sí | N91: Media | O91: HTML | P91: 46270.667 | Q91: Fuente digital recurrente; validar términos, paginación y estabilidad antes de integrarla. | R91: Revisión manual | S91: 74 | T91: media | U91: 200 | V91: Permite | W91: https://museoferroviariotemuco.cl/ | X91: 46271.059 | Y91: actividades | 0 objetos Event JSON-LD | 0 enlaces
A92: CL-FUE-0091 | B92: Corporación Cultural Municipal de Valdivia | C92: Municipalidad de Valdivia | D92: Agenda municipal | E92: Regional/comunal | F92: Región de Los Ríos | G92: Valdivia | H92: Multidisciplinario | I92: Agenda | J92: https://ccm-valdivia.cl/ | K92: https://ccm-valdivia.cl/ | L92: Candidata verificada | M92: Sí | N92: Alta | O92: HTML | P92: 46270.667 | Q92: Fuente digital recurrente; validar términos, paginación y estabilidad antes de integrarla. | R92: Aprobada técnicamente | S92: 87 | T92: alta | U92: 200 | V92: Sin dato | W92: https://www.ccm-valdivia.cl/webccm/ | X92: 46271.059 | Y92: 0 objetos Event JSON-LD | 0 enlaces | /webccm/
A93: CL-FUE-0092 | B93: Festival Internacional de Cine de Valdivia | C93: Centro Cultural de Promoción Cinematográfica de Valdivia | D93: Festival | E93: Nacional/internacional | F93: Región de Los Ríos | G93: Valdivia | H93: Cine; Audiovisual | I93: Programación | J93: https://ficvaldivia.cl/ | K93: https://ficvaldivia.cl/ | L93: Candidata verificada | M93: Sí | N93: Alta | O93: HTML | P93: 46270.667 | Q93: Fuente digital recurrente; validar términos, paginación y estabilidad antes de integrarla. | R93: Aprobada técnicamente | S93: 90 | T93: alta | U93: 200 | V93: Permite | W93: https://ficvaldivia.cl/ | X93: 46271.059 | Y93: 0 objetos Event JSON-LD | /
A94: CL-FUE-0093 | B94: Museo de Arte Contemporáneo Valdivia | C94: Universidad Austral de Chile | D94: Museo | E94: Regional/nacional | F94: Región de Los Ríos | G94: Valdivia | H94: Arte contemporáneo; Exposiciones | I94: Programación | J94: https://macvaldivia.cl/ | K94: https://macvaldivia.cl/ | L94: Candidata verificada | M94: Sí | N94: Media | O94: HTML | P94: 46270.667 | Q94: Fuente digital recurrente; validar términos, paginación y estabilidad antes de integrarla. | R94: Revisión manual | S94: 28 | T94: media | V94: Sin dato | X94: 46271.059 | Y94: error_tls: HTTPSConnectionPool(host='macvaldivia.cl', port=443): Max retries exceeded with url: / (Caused by SSLError(SSLCertVerificationError(1, '[SSL: CERTIFICATE_VERIFY_FAILED] certificate verify failed: certificate has expired (_ssl.c:1082)'))) | sin Content-Type | sin términos de agenda
A95: CL-FUE-0094 | B95: Corporación Cultural de Puerto Montt | C95: Corporación Cultural de Puerto Montt | D95: Agenda municipal | E95: Regional/comunal | F95: Región de Los Lagos | G95: Puerto Montt | H95: Multidisciplinario | I95: Agenda | J95: https://culturapuertomontt.cl/cartelera/ | K95: https://www.culturapuertomontt.cl/ | L95: Integrada configurada | M95: Sí | N95: Alta | O95: html_cards | P95: 46326 | Q95: Revisión de integración 31-10-2026: configuración habilitada; 2 registros publicados no suprimidos en Supabase. Con aporte publicado. Los puntajes y la auditoría técnica anteriores no se recalcularon. Antecedente: Fuente digital recurrente; validar términos, paginación y estabilidad antes de integrarla. | R95: Revisión manual | S95: 68 | T95: media | U95: 200 | V95: Sin dato | W95: https://www.culturapuertomontt.cl/ | X95: 46271.059 | Y95: horario | 0 objetos Event JSON-LD | 0 enlaces | Z95: 2 | AA95: Con aporte publicado | AB95: https://github.com/sunsitox/sunsitox-Scraper_de_eventos_culturales/actions/runs/41029844675
A96: CL-FUE-0095 | B96: Teatro Diego Rivera | C96: Corporación Cultural de Puerto Montt | D96: Teatro/centro cultural | E96: Regional | F96: Región de Los Lagos | G96: Puerto Montt | H96: Teatro; Música; Cine; Artes | I96: Cartelera | J96: https://www.culturapuertomontt.cl/ | K96: https://www.culturapuertomontt.cl/ | L96: Candidata verificada | M96: Sí | N96: Alta | O96: HTML | P96: 46270.667 | Q96: Fuente digital recurrente; validar términos, paginación y estabilidad antes de integrarla. | R96: Revisión manual | S96: 76 | T96: media | U96: 200 | V96: Sin dato | W96: https://www.culturapuertomontt.cl/ | X96: 46271.059 | Y96: horario | 0 objetos Event JSON-LD | 0 enlaces
A97: CL-FUE-0096 | B97: Centro de Arte Molino Machmar | C97: Corporación Centro de Arte Molino Machmar | D97: Centro cultural | E97: Regional | F97: Región de Los Lagos | G97: Puerto Varas | H97: Artes visuales; Música; Teatro; Patrimonio; Literatura | I97: Cartelera | J97: https://www.molinomachmar.cl/cartelera/ | K97: https://www.molinomachmar.cl/ | L97: Integrada configurada | M97: Sí | N97: Alta | O97: html_cards | P97: 46326 | Q97: Revisión de integración 31-10-2026: configuración habilitada; 3 registros publicados no suprimidos en Supabase. Con aporte publicado. Los puntajes y la auditoría técnica anteriores no se recalcularon. Antecedente: Extracción real verificada: cinco eventos vigentes y fichas institucionales accesibles. | R97: Aprobada técnicamente | S97: 99 | T97: alta | U97: 200 | V97: Permite | W97: https://www.molinomachmar.cl/cartelera/ | X97: 46285.625 | Y97: Operativa: cartelera estructurada con fechas, categorías, imágenes y enlaces oficiales. | Z97: 3 | AA97: Con aporte publicado | AB97: https://github.com/sunsitox/sunsitox-Scraper_de_eventos_culturales/actions/runs/41029844675
A98: CL-FUE-0097 | B98: Corporación Cultural de Osorno | C98: Municipalidad de Osorno | D98: Agenda municipal | E98: Regional/comunal | F98: Región de Los Lagos | G98: Osorno | H98: Multidisciplinario | I98: Agenda | J98: https://www.corporacionculturalosorno.cl/ | K98: https://www.corporacionculturalosorno.cl/ | L98: Candidata verificada | M98: Sí | N98: Media | O98: HTML | P98: 46270.667 | Q98: Fuente digital recurrente; validar términos, paginación y estabilidad antes de integrarla. | R98: Revisión manual | S98: 24 | T98: media | V98: Sin dato | X98: 46271.059 | Y98: error_red: HTTPSConnectionPool(host='www.corporacionculturalosorno.cl', port=443): Max retries exceeded with url: / (Caused by NameResolutionError("HTTPSConnection(host='www.corporacionculturalosorno.cl', port=443): Failed to resolve 'www.corporacionc | sin Content-Type | cultural
A99: CL-FUE-0098 | B99: Festival Internacional de Teatro Itinerante por Chiloé Profundo | C99: FITICH | D99: Festival | E99: Regional/internacional | F99: Región de Los Lagos | G99: Chiloé | H99: Teatro; Artes escénicas | I99: Programación | J99: https://fitich.cl/ | K99: https://fitich.cl/ | L99: Candidata verificada | M99: Sí | N99: Media | O99: HTML | P99: 46270.667 | Q99: Fuente digital recurrente; validar términos, paginación y estabilidad antes de integrarla. | R99: Revisión manual | S99: 57 | T99: media | U99: 200 | V99: Sin dato | W99: https://fitich.cl/ | X99: 46271.059 | Y99: sin términos de agenda | 0 objetos Event JSON-LD | 0 señales
A100: CL-FUE-0099 | B100: Corporación Cultural Municipal de Coyhaique | C100: Municipalidad de Coyhaique | D100: Agenda municipal | E100: Regional/comunal | F100: Región de Aysén del General Carlos Ibáñez del Campo | G100: Coyhaique | H100: Multidisciplinario | I100: Portal/redes | J100: https://www.coyhaique.cl/ | K100: https://www.coyhaique.cl/ | L100: Candidata verificada | M100: Sí | N100: Media | O100: HTML/redes | P100: 46270.667 | Q100: Fuente digital recurrente; validar términos, paginación y estabilidad antes de integrarla. | R100: Revisión manual | S100: 70 | T100: media | U100: 200 | V100: Permite | W100: https://www.coyhaique.cl/ | X100: 46271.059 | Y100: cultural | 0 objetos Event JSON-LD | /
...

Sheet Criterios
A1: Criterios, alcance y trazabilidad
A2: Metodología para mantener el inventario y evitar que el porcentaje de avance sea engañoso.
A4: Concepto | B4: Definición / regla
A5: Fuente digital evaluable | B5: Sitio, API, calendario, cartelera, tiquetera o agenda recurrente con una URL pública que puede comprobarse.
A6: Aprobada técnicamente | B6: Cumple acceso, contenido compatible, relevancia cultural, cobertura chilena y señales suficientes de una agenda recurrente. Puede avanzar a diseño de conector.
A7: Revisión manual | B7: La fuente puede ser válida, pero depende de JavaScript, presenta bloqueo temporal, agotó el tiempo o no mostró evidencia suficiente para una decisión automática.
A8: No aprobada | B8: No debe incorporarse al scraping automático en su estado actual. Incluye URLs muertas, contenido no cultural, páginas estacionadas o prohibición expresa de robots.txt.
A9: Referencia sin agenda | B9: Espacio cultural sin URL de eventos identificada. Se conserva como pista territorial y no se cuenta como fuente digital evaluada.
A10: Estado de integración actual | B10: Estado actual de integración según los JSON del scraper. Una configuración habilitada no demuestra por sí sola una extracción completa o eventos vigentes.
A11: Porcentaje aprobado | B11: Aprobación técnica registrada / fuentes digitales elegibles. Las referencias territoriales, retiradas y configuraciones reemplazadas no forman parte del denominador.
A12: Ámbito cultural incluido | B12: Música, teatro, danza, circo, cine, artes visuales, literatura, patrimonio, museos, artesanía, diseño, cultura comunitaria, pueblos originarios, vendimias, gastronomía patrimonial, ferias y exposiciones culturales.
A13: Fecha de revisión | B13: Inventario e integración revisados: 31-10-2026. La columna Auditada el conserva la fecha de la evaluación técnica original; no se ejecutó otra auditoría completa.
A14: Alcance legal | B14: La aprobación es técnica. robots.txt y accesibilidad no constituyen por sí solos una licencia de reutilización; los términos de uso deben comprobarse antes de la operación permanente.
A15: Limitación | B15: Las páginas cambian y algunas cargan datos solo en el navegador. Las fuentes en revisión manual requieren una inspección adicional antes de aprobarse o descartarse.
A16: Porcentaje de integración | B16: El avance de integración es configuradas y habilitadas / digitales elegibles. El aporte operativo es fuentes con registros publicados / habilitadas en el mes. No confundir ambos porcentajes.
A18: Referencia principal | B18: Uso en el inventario | C18: URL
A19: Chile Cultura | B19: Agenda nacional oficial | C19: https://chilecultura.gob.cl/
A20: ChileAtiende · Chile Cultura | B20: Respaldo institucional y cobertura nacional | C20: https://www.chileatiende.gob.cl/fichas/77453-Chile-cultura
A21: Directorio Nacional de Espacios Culturales 2025 | B21: Base territorial oficial de espacios culturales | C21: https://ciudadania.cultura.gob.cl/directorio_rc_1/
A22: PDF del Directorio Nacional | B22: Fichas OCR incluidas como referencias territoriales | C22: https://ciudadania.cultura.gob.cl/wp-content/uploads/2025/12/Directorio_Espacios-Culturales-2025_RC.pdf
A23: Enoturismo Chile | B23: Agenda y calendario de vendimias | C23: https://www.enoturismochile.cl/descargas/
A24: Red Salas de Cine | B24: Red de espacios de exhibición independiente | C24: https://www.redsalasdecine.cl/salas-de-la-red/
A25: Red Salas de Teatro | B25: Red sectorial de salas y carteleras | C25: https://redsalasdeteatro.cl/
A26: CineChile · Festivales | B26: Directorio de festivales audiovisuales | C26: https://cinechile.cl/festivales/
A28: Publicados al corte | B28: Conteo de registros published con is_suppressed=false consultados en Supabase el 31-10-2026. No certifica vigencia horaria ni pertinencia de todos los casos en revisión.
A29: Fuentes estacionales | B29: FondasChile conserva su integración, pero solo se ejecuta en septiembre. En octubre se excluye del denominador de habilitadas del mes.
A30: Puntaje técnico | B30: Se conserva el puntaje histórico existente. Las incorporaciones sin auditoría comparable no reciben un puntaje inventado ni una aprobación automática.
A31: Retiradas y reemplazadas | B31: Rancagua Cultura, Teatro del Lago y Teatro Oriente están retiradas. Ticketplus Región Metropolitana es un antecedente reemplazado por Ticketplus Chile, no otra integración.
A32: Última ingesta exitosa | B32: El resumen conserva el conteo y la fecha de scrape_runs. Su duración corresponde a la publicación registrada, no al tiempo total del workflow.
